record_type,venture,github_repo,t7_repository_reference,owned,starred,capabilities,criticality,action,mapping_status,sector,source
venture,BW-001-Lash-Extension-Studio,bw-001-lash-extension-studio,https://github.com/Worldwidebro/bw-001-lash-extension-studio,✅,—,,,UNASSESSED,matched,beauty-wellness,t7_registry
venture,BW-002-Mobile-Lash-Service,bw-002-mobile-lash-service,https://github.com/Worldwidebro/bw-002-mobile-lash-service,✅,—,,,UNASSESSED,matched,beauty-wellness,t7_registry
venture,BW-003-Luxury-Lash-Bar,bw-003-luxury-lash-bar,https://github.com/Worldwidebro/bw-003-luxury-lash-bar,✅,—,,,UNASSESSED,matched,beauty-wellness,t7_registry
venture,BW-004-Lash-Training-Academy,bw-004-lash-training-academy,https://github.com/Worldwidebro/bw-004-lash-training-academy,✅,—,,,UNASSESSED,matched,beauty-wellness,t7_registry
venture,BW-005-Lash-Supply-Company,bw-005-lash-supply-company,https://github.com/Worldwidebro/bw-005-lash-supply-company,✅,—,,,UNASSESSED,matched,beauty-wellness,t7_registry
venture,BW-006-Lash-Glue-Brand,bw-006-lash-glue-brand,https://github.com/Worldwidebro/bw-006-lash-glue-brand,✅,—,,,UNASSESSED,matched,beauty-wellness,t7_registry
venture,BW-007-Lash-Kits-&-Tools,,https://github.com/Worldwidebro/bw-007-lash-kits-&-tools,—,—,,,UNASSESSED,t7_claim_not_in_owned_github,beauty-wellness,t7_registry
venture,BW-008-Private-Label-Lashes,bw-008-private-label-lashes,https://github.com/Worldwidebro/bw-008-private-label-lashes,✅,—,,,UNASSESSED,matched,beauty-wellness,t7_registry
venture,BW-009-Franchise-Lash-Salons,bw-009-franchise-lash-salons,https://github.com/Worldwidebro/bw-009-franchise-lash-salons,✅,—,,,UNASSESSED,matched,beauty-wellness,t7_registry
venture,BW-010-Online-Lash-Education,bw-010-online-lash-education,https://github.com/Worldwidebro/bw-010-online-lash-education,✅,—,,,UNASSESSED,matched,beauty-wellness,t7_registry
venture,BW-011-Nail-Salon,bw-011-nail-salon,https://github.com/Worldwidebro/bw-011-nail-salon,✅,—,,,UNASSESSED,matched,beauty-wellness,t7_registry
venture,BW-012-Mobile-Nail-Tech,bw-012-mobile-nail-tech,https://github.com/Worldwidebro/bw-012-mobile-nail-tech,✅,—,,,UNASSESSED,matched,beauty-wellness,t7_registry
venture,BW-013-Luxury-Nail-Spa,bw-013-luxury-nail-spa,https://github.com/Worldwidebro/bw-013-luxury-nail-spa,✅,—,,,UNASSESSED,matched,beauty-wellness,t7_registry
venture,BW-014-Press-On-Nail-Brand,bw-014-press-on-nail-brand,https://github.com/Worldwidebro/bw-014-press-on-nail-brand,✅,—,,,UNASSESSED,matched,beauty-wellness,t7_registry
venture,BW-015-Nail-Art-Studio,bw-015-nail-art-studio,https://github.com/Worldwidebro/bw-015-nail-art-studio,✅,—,,,UNASSESSED,matched,beauty-wellness,t7_registry
venture,BW-016-Nail-Polish-Brand,bw-016-nail-polish-brand,https://github.com/Worldwidebro/bw-016-nail-polish-brand,✅,—,,,UNASSESSED,matched,beauty-wellness,t7_registry
venture,BW-017-Nail-Care-Products,bw-017-nail-care-products,https://github.com/Worldwidebro/bw-017-nail-care-products,✅,—,,,UNASSESSED,matched,beauty-wellness,t7_registry
venture,BW-018-Nail-Booking-Marketplace,bw-018-nail-booking-marketplace,https://github.com/Worldwidebro/bw-018-nail-booking-marketplace,✅,—,,,UNASSESSED,matched,beauty-wellness,t7_registry
venture,BW-019-Salon-Management-Software,bw-019-salon-management-software,https://github.com/Worldwidebro/bw-019-salon-management-software,✅,—,,,UNASSESSED,matched,beauty-wellness,t7_registry
venture,BW-020-AI-Nail-Design-Generator,bw-020-ai-nail-design-generator,https://github.com/Worldwidebro/bw-020-ai-nail-design-generator,✅,—,,,UNASSESSED,matched,beauty-wellness,t7_registry
venture,BW-021-Hair-Salon,bw-021-hair-salon,https://github.com/Worldwidebro/bw-021-hair-salon,✅,—,,,UNASSESSED,matched,beauty-wellness,t7_registry
venture,BW-022-Barbershop,bw-022-barbershop,https://github.com/Worldwidebro/bw-022-barbershop,✅,—,,,UNASSESSED,matched,beauty-wellness,t7_registry
venture,BW-023-Mobile-Hairstyling,bw-023-mobile-hairstyling,https://github.com/Worldwidebro/bw-023-mobile-hairstyling,✅,—,,,UNASSESSED,matched,beauty-wellness,t7_registry
venture,BW-024-Hair-Braiding-Studio,bw-024-hair-braiding-studio,https://github.com/Worldwidebro/bw-024-hair-braiding-studio,✅,—,,,UNASSESSED,matched,beauty-wellness,t7_registry
venture,BW-025-Wig-Installation-Studio,bw-025-wig-installation-studio,https://github.com/Worldwidebro/bw-025-wig-installation-studio,✅,—,,,UNASSESSED,matched,beauty-wellness,t7_registry
venture,BW-026-Hair-Extension-Salon,bw-026-hair-extension-salon,https://github.com/Worldwidebro/bw-026-hair-extension-salon,✅,—,,,UNASSESSED,matched,beauty-wellness,t7_registry
venture,BW-027-Hair-Care-Line,bw-027-hair-care-line,https://github.com/Worldwidebro/bw-027-hair-care-line,✅,—,,,UNASSESSED,matched,beauty-wellness,t7_registry
venture,BW-028-Wig-Brand,bw-028-wig-brand,https://github.com/Worldwidebro/bw-028-wig-brand,✅,—,,,UNASSESSED,matched,beauty-wellness,t7_registry
venture,BW-029-Hair-Extensions-Brand,bw-029-hair-extensions-brand,https://github.com/Worldwidebro/bw-029-hair-extensions-brand,✅,—,,,UNASSESSED,matched,beauty-wellness,t7_registry
venture,BW-030-Scalp-Treatment-Products,bw-030-scalp-treatment-products,https://github.com/Worldwidebro/bw-030-scalp-treatment-products,✅,—,,,UNASSESSED,matched,beauty-wellness,t7_registry
venture,BW-031-Hair-Marketplace,bw-031-hair-marketplace,https://github.com/Worldwidebro/bw-031-hair-marketplace,✅,—,,,UNASSESSED,matched,beauty-wellness,t7_registry
venture,BW-032-Stylist-Booking-Platform,bw-032-stylist-booking-platform,https://github.com/Worldwidebro/bw-032-stylist-booking-platform,✅,—,,,UNASSESSED,matched,beauty-wellness,t7_registry
venture,BW-033-AI-Hairstyle-Simulator,bw-033-ai-hairstyle-simulator,https://github.com/Worldwidebro/bw-033-ai-hairstyle-simulator,✅,—,,,UNASSESSED,matched,beauty-wellness,t7_registry
venture,BW-034-Salon-Franchise-Chain,bw-034-salon-franchise-chain,https://github.com/Worldwidebro/bw-034-salon-franchise-chain,✅,—,,,UNASSESSED,matched,beauty-wellness,t7_registry
venture,BW-035-Makeup-Studio,bw-035-makeup-studio,https://github.com/Worldwidebro/bw-035-makeup-studio,✅,—,,,UNASSESSED,matched,beauty-wellness,t7_registry
venture,BW-036-Bridal-Makeup-Service,bw-036-bridal-makeup-service,https://github.com/Worldwidebro/bw-036-bridal-makeup-service,✅,—,,,UNASSESSED,matched,beauty-wellness,t7_registry
venture,BW-037-Mobile-Makeup-Artist,bw-037-mobile-makeup-artist,https://github.com/Worldwidebro/bw-037-mobile-makeup-artist,✅,—,,,UNASSESSED,matched,beauty-wellness,t7_registry
venture,BW-038-Photoshoot-Makeup-Team,bw-038-photoshoot-makeup-team,https://github.com/Worldwidebro/bw-038-photoshoot-makeup-team,✅,—,,,UNASSESSED,matched,beauty-wellness,t7_registry
venture,BW-039-Cosmetics-Brand,bw-039-cosmetics-brand,https://github.com/Worldwidebro/bw-039-cosmetics-brand,✅,—,,,UNASSESSED,matched,beauty-wellness,t7_registry
venture,BW-040-Beauty-Tools-Brand,bw-040-beauty-tools-brand,https://github.com/Worldwidebro/bw-040-beauty-tools-brand,✅,—,,,UNASSESSED,matched,beauty-wellness,t7_registry
venture,COMM-001,,worldwidebro/local-community-hub,—,—,,,UNASSESSED,no_repo_t7,community,t7_registry
venture,COMM-001-Luminary-Worldwide-Events,comm-001-luminary-worldwide-events,https://github.com/Worldwidebro/comm-001-luminary-worldwide-events,✅,—,,,UNASSESSED,matched,community,t7_registry
venture,COMM-002-Brotherhood-Coaching-Network,comm-002-brotherhood-coaching-network,https://github.com/Worldwidebro/comm-002-brotherhood-coaching-network,✅,—,,,UNASSESSED,matched,community,t7_registry
venture,COMM-003-Ace-Senior-Care-Connect,comm-003-ace-senior-care-connect,https://github.com/Worldwidebro/comm-003-ace-senior-care-connect,✅,—,,,UNASSESSED,matched,community,t7_registry
venture,COMM-004-Community-Outreach-Nonprofit,comm-004-community-outreach-nonprofit,https://github.com/Worldwidebro/comm-004-community-outreach-nonprofit,✅,—,,,UNASSESSED,matched,community,t7_registry
venture,COMM-005-Ace-Food-Security-AI,comm-005-ace-food-security-ai,https://github.com/Worldwidebro/comm-005-ace-food-security-ai,✅,—,,,UNASSESSED,matched,community,t7_registry
venture,COMM-006-Community-Technology-Access-AI,comm-006-community-technology-access-ai,https://github.com/Worldwidebro/comm-006-community-technology-access-ai,✅,—,,,UNASSESSED,matched,community,t7_registry
venture,COMM-007-Youth-Leadership-AI,comm-007-youth-leadership-ai,https://github.com/Worldwidebro/comm-007-youth-leadership-ai,✅,—,,,UNASSESSED,matched,community,t7_registry
venture,COMM-008-Community-Fundraising-AI,comm-008-community-fundraising-ai,https://github.com/Worldwidebro/comm-008-community-fundraising-ai,✅,—,,,UNASSESSED,matched,community,t7_registry
venture,COMM-009-Volunteer-Hub-AI,comm-009-volunteer-hub-ai,https://github.com/Worldwidebro/comm-009-volunteer-hub-ai,✅,—,,,UNASSESSED,matched,community,t7_registry
venture,COMM-010-Disaster-Relief-AI,comm-010-disaster-relief-ai,https://github.com/Worldwidebro/comm-010-disaster-relief-ai,✅,—,,,UNASSESSED,matched,community,t7_registry
venture,COMM-011-Indigenous-Creator-Hub,comm-011-indigenous-creator-hub,https://github.com/Worldwidebro/comm-011-indigenous-creator-hub,✅,—,,,UNASSESSED,matched,community,t7_registry
venture,COMM-012-Black-Art-Museum-AI,comm-012-black-art-museum-ai,https://github.com/Worldwidebro/comm-012-black-art-museum-ai,✅,—,,,UNASSESSED,matched,community,t7_registry
venture,COMM-013-Women-s-Empowerment-Network,comm-013-women-s-empowerment-network,https://github.com/Worldwidebro/comm-013-women-s-empowerment-network,✅,—,,,UNASSESSED,matched,community,t7_registry
venture,COMM-014-Veterans-Support-AI,comm-014-veterans-support-ai,https://github.com/Worldwidebro/comm-014-veterans-support-ai,✅,—,,,UNASSESSED,matched,community,t7_registry
venture,COMM-015-Youth-Mentorship-Program,comm-015-youth-mentorship-program,https://github.com/Worldwidebro/comm-015-youth-mentorship-program,✅,—,,,UNASSESSED,matched,community,t7_registry
venture,COMM-016-Community-Health-AI,comm-016-community-health-ai,https://github.com/Worldwidebro/comm-016-community-health-ai,✅,—,,,UNASSESSED,matched,community,t7_registry
venture,COMM-017-Local-Business-Directory,comm-017-local-business-directory,https://github.com/Worldwidebro/comm-017-local-business-directory,✅,—,,,UNASSESSED,matched,community,t7_registry
venture,COMM-018-Neighborhood-Watch-AI,comm-018-neighborhood-watch-ai,https://github.com/Worldwidebro/comm-018-neighborhood-watch-ai,✅,—,,,UNASSESSED,matched,community,t7_registry
venture,COMM-019-Community-Garden-AI,comm-019-community-garden-ai,https://github.com/Worldwidebro/comm-019-community-garden-ai,✅,—,,,UNASSESSED,matched,community,t7_registry
venture,COMM-020-Public-Transportation-AI,comm-020-public-transportation-ai,https://github.com/Worldwidebro/comm-020-public-transportation-ai,✅,—,,,UNASSESSED,matched,community,t7_registry
venture,COMM-021-Housing-Assistance-AI,comm-021-housing-assistance-ai,https://github.com/Worldwidebro/comm-021-housing-assistance-ai,✅,—,,,UNASSESSED,matched,community,t7_registry
venture,COMM-022-Job-Training-Center,comm-022-job-training-center,https://github.com/Worldwidebro/comm-022-job-training-center,✅,—,,,UNASSESSED,matched,community,t7_registry
venture,COMM-023-Elder-Companion-AI,comm-023-elder-companion-ai,https://github.com/Worldwidebro/comm-023-elder-companion-ai,✅,—,,,UNASSESSED,matched,community,t7_registry
venture,COMM-024-Youth-Sports-AI,comm-024-youth-sports-ai,https://github.com/Worldwidebro/comm-024-youth-sports-ai,✅,—,,,UNASSESSED,matched,community,t7_registry
venture,COMM-025-Community-Legal-Aid,comm-025-community-legal-aid,https://github.com/Worldwidebro/comm-025-community-legal-aid,✅,—,,,UNASSESSED,matched,community,t7_registry
venture,COMM-026-Public-Education-AI,comm-026-public-education-ai,https://github.com/Worldwidebro/comm-026-public-education-ai,✅,—,,,UNASSESSED,matched,community,t7_registry
venture,COMM-027-Local-Government-AI,comm-027-local-government-ai,https://github.com/Worldwidebro/comm-027-local-government-ai,✅,—,,,UNASSESSED,matched,community,t7_registry
venture,COMM-028-Public-Safety-AI,comm-028-public-safety-ai,https://github.com/Worldwidebro/comm-028-public-safety-ai,✅,—,,,UNASSESSED,matched,community,t7_registry
venture,COMM-029-Community-Wellness-AI,comm-029-community-wellness-ai,https://github.com/Worldwidebro/comm-029-community-wellness-ai,✅,—,,,UNASSESSED,matched,community,t7_registry
venture,COMM-030-Cultural-Exchange-AI,comm-030-cultural-exchange-ai,https://github.com/Worldwidebro/comm-030-cultural-exchange-ai,✅,—,,,UNASSESSED,matched,community,t7_registry
venture,COMM-031-Community-Investment-AI,comm-031-community-investment-ai,https://github.com/Worldwidebro/comm-031-community-investment-ai,✅,—,,,UNASSESSED,matched,community,t7_registry
venture,COMM-032-Public-Health-AI,comm-032-public-health-ai,https://github.com/Worldwidebro/comm-032-public-health-ai,✅,—,,,UNASSESSED,matched,community,t7_registry
venture,COMM-033-Youth-Innovation-Hub,comm-033-youth-innovation-hub,https://github.com/Worldwidebro/comm-033-youth-innovation-hub,✅,—,,,UNASSESSED,matched,community,t7_registry
venture,COMM-034-Senior-Tech-Support,comm-034-senior-tech-support,https://github.com/Worldwidebro/comm-034-senior-tech-support,✅,—,,,UNASSESSED,matched,community,t7_registry
venture,COMM-035-Community-Arts-AI,comm-035-community-arts-ai,https://github.com/Worldwidebro/comm-035-community-arts-ai,✅,—,,,UNASSESSED,matched,community,t7_registry
venture,COMM-036-Public-Infrastructure-AI,comm-036-public-infrastructure-ai,https://github.com/Worldwidebro/comm-036-public-infrastructure-ai,✅,—,,,UNASSESSED,matched,community,t7_registry
venture,COMM-037-Neighborhood-Development-AI,comm-037-neighborhood-development-ai,https://github.com/Worldwidebro/comm-037-neighborhood-development-ai,✅,—,,,UNASSESSED,matched,community,t7_registry
venture,COMM-038-Community-Policing-AI,comm-038-community-policing-ai,https://github.com/Worldwidebro/comm-038-community-policing-ai,✅,—,,,UNASSESSED,matched,community,t7_registry
venture,COMM-039-Public-Space-AI,comm-039-public-space-ai,https://github.com/Worldwidebro/comm-039-public-space-ai,✅,—,,,UNASSESSED,matched,community,t7_registry
venture,COMM-040-Community-Recycling-AI,comm-040-community-recycling-ai,https://github.com/Worldwidebro/comm-040-community-recycling-ai,✅,—,,,UNASSESSED,matched,community,t7_registry
venture,COMM-041-Public-Wi-Fi-AI,comm-041-public-wi-fi-ai,https://github.com/Worldwidebro/comm-041-public-wi-fi-ai,✅,—,,,UNASSESSED,matched,community,t7_registry
venture,COMM-042-Community-Energy-AI,comm-042-community-energy-ai,https://github.com/Worldwidebro/comm-042-community-energy-ai,✅,—,,,UNASSESSED,matched,community,t7_registry
venture,COMM-043-Local-Food-Network-AI,comm-043-local-food-network-ai,https://github.com/Worldwidebro/comm-043-local-food-network-ai,✅,—,,,UNASSESSED,matched,community,t7_registry
venture,COMM-044-Community-Volunteering-AI,comm-044-community-volunteering-ai,https://github.com/Worldwidebro/comm-044-community-volunteering-ai,✅,—,,,UNASSESSED,matched,community,t7_registry
venture,COMM-045-Public-Childcare-AI,comm-045-public-childcare-ai,https://github.com/Worldwidebro/comm-045-public-childcare-ai,✅,—,,,UNASSESSED,matched,community,t7_registry
venture,COMM-046-Community-Pet-Care-AI,comm-046-community-pet-care-ai,https://github.com/Worldwidebro/comm-046-community-pet-care-ai,✅,—,,,UNASSESSED,matched,community,t7_registry
venture,COMM-047-Public-Fitness-AI,comm-047-public-fitness-ai,https://github.com/Worldwidebro/comm-047-public-fitness-ai,✅,—,,,UNASSESSED,matched,community,t7_registry
venture,COMM-048-Community-Transportation-AI,comm-048-community-transportation-ai,https://github.com/Worldwidebro/comm-048-community-transportation-ai,✅,—,,,UNASSESSED,matched,community,t7_registry
venture,COMM-049-Public-Event-AI,comm-049-public-event-ai,https://github.com/Worldwidebro/comm-049-public-event-ai,✅,—,,,UNASSESSED,matched,community,t7_registry
venture,COMM-050-Community-Cultural-AI,comm-050-community-cultural-ai,https://github.com/Worldwidebro/comm-050-community-cultural-ai,✅,—,,,UNASSESSED,matched,community,t7_registry
venture,EC-001,,worldwidebro/angels-in-daylight,—,—,,,UNASSESSED,no_repo_t7,e-commerce,t7_registry
venture,EC-001-Angels-in-Daylight,ec-001-angels-in-daylight,https://github.com/Worldwidebro/ec-001-angels-in-daylight,✅,—,,,UNASSESSED,matched,e-commerce,t7_registry
venture,EC-002,,worldwidebro/new-world-apparel,—,—,,,UNASSESSED,no_repo_t7,e-commerce,t7_registry
venture,EC-002-New-World-Apparel,ec-002-new-world-apparel,https://github.com/Worldwidebro/ec-002-new-world-apparel,✅,—,,,UNASSESSED,matched,e-commerce,t7_registry
venture,EC-003,,worldwidebro/shopify-autopilot,—,—,,,UNASSESSED,no_repo_t7,e-commerce,t7_registry
venture,EC-003-Shopify-Autopilot,ec-003-shopify-autopilot,https://github.com/Worldwidebro/ec-003-shopify-autopilot,✅,—,,,UNASSESSED,matched,e-commerce,t7_registry
venture,EC-004,,worldwidebro/shoe-customizer,—,—,,,UNASSESSED,no_repo_t7,e-commerce,t7_registry
venture,EC-004-Shoe-Customizer,ec-004-shoe-customizer,https://github.com/Worldwidebro/ec-004-shoe-customizer,✅,—,,,UNASSESSED,matched,e-commerce,t7_registry
venture,EC-005,,worldwidebro/sunglasses-ai,—,—,,,UNASSESSED,no_repo_t7,e-commerce,t7_registry
venture,EC-005-Sunglasses-AI,ec-005-sunglasses-ai,https://github.com/Worldwidebro/ec-005-sunglasses-ai,✅,—,,,UNASSESSED,matched,e-commerce,t7_registry
venture,EC-006,,worldwidebro/dropship-hub,—,—,,,UNASSESSED,no_repo_t7,e-commerce,t7_registry
venture,EC-006-Dropship-Hub,ec-006-dropship-hub,https://github.com/Worldwidebro/ec-006-dropship-hub,✅,—,,,UNASSESSED,matched,e-commerce,t7_registry
venture,EC-007,,worldwidebro/personal-shopper-ai,—,—,,,UNASSESSED,no_repo_t7,e-commerce,t7_registry
venture,EC-007-Personal-Shopper-AI,ec-007-personal-shopper-ai,https://github.com/Worldwidebro/ec-007-personal-shopper-ai,✅,—,,,UNASSESSED,matched,e-commerce,t7_registry
venture,EC-008,,worldwidebro/custom-sneaker-ai,—,—,,,UNASSESSED,no_repo_t7,e-commerce,t7_registry
venture,EC-008-Custom-Sneaker-AI,ec-008-custom-sneaker-ai,https://github.com/Worldwidebro/ec-008-custom-sneaker-ai,✅,—,,,UNASSESSED,matched,e-commerce,t7_registry
venture,EC-009,,worldwidebro/sustainable-fashion-ai,—,—,,,UNASSESSED,no_repo_t7,e-commerce,t7_registry
venture,EC-009-Sustainable-Fashion-AI,ec-009-sustainable-fashion-ai,https://github.com/Worldwidebro/ec-009-sustainable-fashion-ai,✅,—,,,UNASSESSED,matched,e-commerce,t7_registry
venture,EC-010,,worldwidebro/jewelry-designer-ai,—,—,,,UNASSESSED,no_repo_t7,e-commerce,t7_registry
venture,EC-010-Jewelry-Designer-AI,ec-010-jewelry-designer-ai,https://github.com/Worldwidebro/ec-010-jewelry-designer-ai,✅,—,,,UNASSESSED,matched,e-commerce,t7_registry
venture,EC-011-Virtual-Try-On-AI,ec-011-virtual-try-on-ai,https://github.com/Worldwidebro/ec-011-virtual-try-on-ai,✅,—,,,UNASSESSED,matched,e-commerce,t7_registry
venture,EC-012-Fashion-Designer-AI,ec-012-fashion-designer-ai,https://github.com/Worldwidebro/ec-012-fashion-designer-ai,✅,—,,,UNASSESSED,matched,e-commerce,t7_registry
venture,EC-013-Merch-Licensing,ec-013-merch-licensing,https://github.com/Worldwidebro/ec-013-merch-licensing,✅,—,,,UNASSESSED,matched,e-commerce,t7_registry
venture,EC-014-Subscription-Box-AI,ec-014-subscription-box-ai,https://github.com/Worldwidebro/ec-014-subscription-box-ai,✅,—,,,UNASSESSED,matched,e-commerce,t7_registry
venture,EC-015-Surf-Gear-AI,ec-015-surf-gear-ai,https://github.com/Worldwidebro/ec-015-surf-gear-ai,✅,—,,,UNASSESSED,matched,e-commerce,t7_registry
venture,EC-016-Ski-Gear-AI,ec-016-ski-gear-ai,https://github.com/Worldwidebro/ec-016-ski-gear-ai,✅,—,,,UNASSESSED,matched,e-commerce,t7_registry
venture,EC-017-Golf-Gear-AI,ec-017-golf-gear-ai,https://github.com/Worldwidebro/ec-017-golf-gear-ai,✅,—,,,UNASSESSED,matched,e-commerce,t7_registry
venture,EC-018-Fishing-Gear-AI,ec-018-fishing-gear-ai,https://github.com/Worldwidebro/ec-018-fishing-gear-ai,✅,—,,,UNASSESSED,matched,e-commerce,t7_registry
venture,EC-019-Yoga-Gear-AI,ec-019-yoga-gear-ai,https://github.com/Worldwidebro/ec-019-yoga-gear-ai,✅,—,,,UNASSESSED,matched,e-commerce,t7_registry
venture,EC-020-Costume-Shop-AI,ec-020-costume-shop-ai,https://github.com/Worldwidebro/ec-020-costume-shop-ai,✅,—,,,UNASSESSED,matched,e-commerce,t7_registry
venture,EC-021-Luggage-AI,ec-021-luggage-ai,https://github.com/Worldwidebro/ec-021-luggage-ai,✅,—,,,UNASSESSED,matched,e-commerce,t7_registry
venture,EC-022-Home-Appliance-AI,ec-022-home-appliance-ai,https://github.com/Worldwidebro/ec-022-home-appliance-ai,✅,—,,,UNASSESSED,matched,e-commerce,t7_registry
venture,EC-023-Tool-Shop-AI,ec-023-tool-shop-ai,https://github.com/Worldwidebro/ec-023-tool-shop-ai,✅,—,,,UNASSESSED,matched,e-commerce,t7_registry
venture,EC-024-Garden-Supply-AI,ec-024-garden-supply-ai,https://github.com/Worldwidebro/ec-024-garden-supply-ai,✅,—,,,UNASSESSED,matched,e-commerce,t7_registry
venture,EC-025-Collectible-AI,ec-025-collectible-ai,https://github.com/Worldwidebro/ec-025-collectible-ai,✅,—,,,UNASSESSED,matched,e-commerce,t7_registry
venture,EC-026-Hobby-Shop-AI,ec-026-hobby-shop-ai,https://github.com/Worldwidebro/ec-026-hobby-shop-ai,✅,—,,,UNASSESSED,matched,e-commerce,t7_registry
venture,EC-027-Kids-Toy-Line,ec-027-kids-toy-line,https://github.com/Worldwidebro/ec-027-kids-toy-line,✅,—,,,UNASSESSED,matched,e-commerce,t7_registry
venture,EC-028-NFT-Fashion-Licensing,ec-028-nft-fashion-licensing,https://github.com/Worldwidebro/ec-028-nft-fashion-licensing,✅,—,,,UNASSESSED,matched,e-commerce,t7_registry
venture,EC-029-Instant-Brand-Generator,ec-029-instant-brand-generator,https://github.com/Worldwidebro/ec-029-instant-brand-generator,✅,—,,,UNASSESSED,matched,e-commerce,t7_registry
venture,EC-030-AI-Product-Photographer,ec-030-ai-product-photographer,https://github.com/Worldwidebro/ec-030-ai-product-photographer,✅,—,,,UNASSESSED,matched,e-commerce,t7_registry
venture,EC-031-Automated-Inventory-Forecaster,ec-031-automated-inventory-forecaster,https://github.com/Worldwidebro/ec-031-automated-inventory-forecaster,✅,—,,,UNASSESSED,matched,e-commerce,t7_registry
venture,EC-032-Dynamic-Pricing-Engine,ec-032-dynamic-pricing-engine,https://github.com/Worldwidebro/ec-032-dynamic-pricing-engine,✅,—,,,UNASSESSED,matched,e-commerce,t7_registry
venture,EC-033-Ad-Optimizer-AI,ec-033-ad-optimizer-ai,https://github.com/Worldwidebro/ec-033-ad-optimizer-ai,✅,—,,,UNASSESSED,matched,e-commerce,t7_registry
venture,EC-034-Recommendation-Engine,ec-034-recommendation-engine,https://github.com/Worldwidebro/ec-034-recommendation-engine,✅,—,,,UNASSESSED,matched,e-commerce,t7_registry
venture,EC-035-Review-Aggregator-AI,ec-035-review-aggregator-ai,https://github.com/Worldwidebro/ec-035-review-aggregator-ai,✅,—,,,UNASSESSED,matched,e-commerce,t7_registry
venture,EC-036-Fulfillment-Network-AI,ec-036-fulfillment-network-ai,https://github.com/Worldwidebro/ec-036-fulfillment-network-ai,✅,—,,,UNASSESSED,matched,e-commerce,t7_registry
venture,EC-037-Return-Optimization-AI,ec-037-return-optimization-ai,https://github.com/Worldwidebro/ec-037-return-optimization-ai,✅,—,,,UNASSESSED,matched,e-commerce,t7_registry
venture,EC-038-Chatbot-Customer-Service,ec-038-chatbot-customer-service,https://github.com/Worldwidebro/ec-038-chatbot-customer-service,✅,—,,,UNASSESSED,matched,e-commerce,t7_registry
venture,EC-039-Visual-Search-AI,ec-039-visual-search-ai,https://github.com/Worldwidebro/ec-039-visual-search-ai,✅,—,,,UNASSESSED,matched,e-commerce,t7_registry
venture,EC-040-Abandoned-Cart-Recovery,ec-040-abandoned-cart-recovery,https://github.com/Worldwidebro/ec-040-abandoned-cart-recovery,✅,—,,,UNASSESSED,matched,e-commerce,t7_registry
venture,EC-041-Seasonal-Trend-Predictor,ec-041-seasonal-trend-predictor,https://github.com/Worldwidebro/ec-041-seasonal-trend-predictor,✅,—,,,UNASSESSED,matched,e-commerce,t7_registry
venture,EC-042-Influencer-Matchmaker,ec-042-influencer-matchmaker,https://github.com/Worldwidebro/ec-042-influencer-matchmaker,✅,—,,,UNASSESSED,matched,e-commerce,t7_registry
venture,EC-043-UGC-Content-Aggregator,ec-043-ugc-content-aggregator,https://github.com/Worldwidebro/ec-043-ugc-content-aggregator,✅,—,,,UNASSESSED,matched,e-commerce,t7_registry
venture,EC-044-Live-Commerce-Platform,ec-044-live-commerce-platform,https://github.com/Worldwidebro/ec-044-live-commerce-platform,✅,—,,,UNASSESSED,matched,e-commerce,t7_registry
venture,EC-045-AR-Virtual-Fitting-Room,ec-045-ar-virtual-fitting-room,https://github.com/Worldwidebro/ec-045-ar-virtual-fitting-room,✅,—,,,UNASSESSED,matched,e-commerce,t7_registry
venture,EC-046-3D-Product-Viewer,ec-046-3d-product-viewer,https://github.com/Worldwidebro/ec-046-3d-product-viewer,✅,—,,,UNASSESSED,matched,e-commerce,t7_registry
venture,EC-047-Carbon-Footprint-Tracker,ec-047-carbon-footprint-tracker,https://github.com/Worldwidebro/ec-047-carbon-footprint-tracker,✅,—,,,UNASSESSED,matched,e-commerce,t7_registry
venture,EC-048-Wholesale-Marketplace-AI,ec-048-wholesale-marketplace-ai,https://github.com/Worldwidebro/ec-048-wholesale-marketplace-ai,✅,—,,,UNASSESSED,matched,e-commerce,t7_registry
venture,EC-049-Rental-Marketplace,ec-049-rental-marketplace,https://github.com/Worldwidebro/ec-049-rental-marketplace,✅,—,,,UNASSESSED,matched,e-commerce,t7_registry
venture,EC-050-AI-Product-Descriptions,ec-050-ai-product-descriptions,https://github.com/Worldwidebro/ec-050-ai-product-descriptions,✅,—,,,UNASSESSED,matched,e-commerce,t7_registry
venture,EC-051-AI-Email-Marketing,ec-051-ai-email-marketing,https://github.com/Worldwidebro/ec-051-ai-email-marketing,✅,—,,,UNASSESSED,matched,e-commerce,t7_registry
venture,EC-052-AI-Product-Bundler,ec-052-ai-product-bundler,https://github.com/Worldwidebro/ec-052-ai-product-bundler,✅,—,,,UNASSESSED,matched,e-commerce,t7_registry
venture,EC-053-AI-Visual-Merchandiser,ec-053-ai-visual-merchandiser,https://github.com/Worldwidebro/ec-053-ai-visual-merchandiser,✅,—,,,UNASSESSED,matched,e-commerce,t7_registry
venture,EC-054-AI-Demand-Forecasting,ec-054-ai-demand-forecasting,https://github.com/Worldwidebro/ec-054-ai-demand-forecasting,✅,—,,,UNASSESSED,matched,e-commerce,t7_registry
venture,EC-055-AI-Warehouse-Management,ec-055-ai-warehouse-management,https://github.com/Worldwidebro/ec-055-ai-warehouse-management,✅,—,,,UNASSESSED,matched,e-commerce,t7_registry
venture,EC-056-AI-Supplier-Matching,ec-056-ai-supplier-matching,https://github.com/Worldwidebro/ec-056-ai-supplier-matching,✅,—,,,UNASSESSED,matched,e-commerce,t7_registry
venture,EC-057-AI-Quality-Control,ec-057-ai-quality-control,https://github.com/Worldwidebro/ec-057-ai-quality-control,✅,—,,,UNASSESSED,matched,e-commerce,t7_registry
venture,EC-058-AI-Packaging-Designer,ec-058-ai-packaging-designer,https://github.com/Worldwidebro/ec-058-ai-packaging-designer,✅,—,,,UNASSESSED,matched,e-commerce,t7_registry
venture,EC-059-AI-Logistics-Planner,ec-059-ai-logistics-planner,https://github.com/Worldwidebro/ec-059-ai-logistics-planner,✅,—,,,UNASSESSED,matched,e-commerce,t7_registry
venture,EC-060-AI-Customer-Loyalty,ec-060-ai-customer-loyalty,https://github.com/Worldwidebro/ec-060-ai-customer-loyalty,✅,—,,,UNASSESSED,matched,e-commerce,t7_registry
venture,EC-061-AI-Gift-Finder,ec-061-ai-gift-finder,https://github.com/Worldwidebro/ec-061-ai-gift-finder,✅,—,,,UNASSESSED,matched,e-commerce,t7_registry
venture,EC-062-AI-Trend-Hunter,ec-062-ai-trend-hunter,https://github.com/Worldwidebro/ec-062-ai-trend-hunter,✅,—,,,UNASSESSED,matched,e-commerce,t7_registry
venture,EC-063-AI-Market-Research,ec-063-ai-market-research,https://github.com/Worldwidebro/ec-063-ai-market-research,✅,—,,,UNASSESSED,matched,e-commerce,t7_registry
venture,EC-064-AI-Competitor-Watcher,ec-064-ai-competitor-watcher,https://github.com/Worldwidebro/ec-064-ai-competitor-watcher,✅,—,,,UNASSESSED,matched,e-commerce,t7_registry
venture,EC-065-AI-Product-Development,ec-065-ai-product-development,https://github.com/Worldwidebro/ec-065-ai-product-development,✅,—,,,UNASSESSED,matched,e-commerce,t7_registry
venture,EC-066-AI-Customer-Journey,ec-066-ai-customer-journey,https://github.com/Worldwidebro/ec-066-ai-customer-journey,✅,—,,,UNASSESSED,matched,e-commerce,t7_registry
venture,EC-067-AI-Payment-Optimization,ec-067-ai-payment-optimization,https://github.com/Worldwidebro/ec-067-ai-payment-optimization,✅,—,,,UNASSESSED,matched,e-commerce,t7_registry
venture,EC-068-AI-Returns-Management,ec-068-ai-returns-management,https://github.com/Worldwidebro/ec-068-ai-returns-management,✅,—,,,UNASSESSED,matched,e-commerce,t7_registry
venture,EC-069-AI-Shipping-Labeler,ec-069-ai-shipping-labeler,https://github.com/Worldwidebro/ec-069-ai-shipping-labeler,✅,—,,,UNASSESSED,matched,e-commerce,t7_registry
venture,EC-070-AI-Product-Launch-Coach,ec-070-ai-product-launch-coach,https://github.com/Worldwidebro/ec-070-ai-product-launch-coach,✅,—,,,UNASSESSED,matched,e-commerce,t7_registry
venture,EC-071-AI-Vendor-Negotiator,ec-071-ai-vendor-negotiator,https://github.com/Worldwidebro/ec-071-ai-vendor-negotiator,✅,—,,,UNASSESSED,matched,e-commerce,t7_registry
venture,EC-072-AI-Product-Cataloger,ec-072-ai-product-cataloger,https://github.com/Worldwidebro/ec-072-ai-product-cataloger,✅,—,,,UNASSESSED,matched,e-commerce,t7_registry
venture,EC-073-AI-Order-Prioritizer,ec-073-ai-order-prioritizer,https://github.com/Worldwidebro/ec-073-ai-order-prioritizer,✅,—,,,UNASSESSED,matched,e-commerce,t7_registry
venture,EC-074-AI-Customer-Segmentation,ec-074-ai-customer-segmentation,https://github.com/Worldwidebro/ec-074-ai-customer-segmentation,✅,—,,,UNASSESSED,matched,e-commerce,t7_registry
venture,EC-075-AI-Pricing-Analyst,ec-075-ai-pricing-analyst,https://github.com/Worldwidebro/ec-075-ai-pricing-analyst,✅,—,,,UNASSESSED,matched,e-commerce,t7_registry
venture,EC-076-AI-Sales-Forecasting,ec-076-ai-sales-forecasting,https://github.com/Worldwidebro/ec-076-ai-sales-forecasting,✅,—,,,UNASSESSED,matched,e-commerce,t7_registry
venture,EC-077-AI-Inventory-Reordering,ec-077-ai-inventory-reordering,https://github.com/Worldwidebro/ec-077-ai-inventory-reordering,✅,—,,,UNASSESSED,matched,e-commerce,t7_registry
venture,EC-078-AI-Product-Comparison,ec-078-ai-product-comparison,https://github.com/Worldwidebro/ec-078-ai-product-comparison,✅,—,,,UNASSESSED,matched,e-commerce,t7_registry
venture,EC-079-AI-Customer-Feedback,ec-079-ai-customer-feedback,https://github.com/Worldwidebro/ec-079-ai-customer-feedback,✅,—,,,UNASSESSED,matched,e-commerce,t7_registry
venture,EC-080-AI-Product-Updates,ec-080-ai-product-updates,https://github.com/Worldwidebro/ec-080-ai-product-updates,✅,—,,,UNASSESSED,matched,e-commerce,t7_registry
venture,EC-081-AI-Cross-Selling,ec-081-ai-cross-selling,https://github.com/Worldwidebro/ec-081-ai-cross-selling,✅,—,,,UNASSESSED,matched,e-commerce,t7_registry
venture,EC-082-AI-Up-Selling,ec-082-ai-up-selling,https://github.com/Worldwidebro/ec-082-ai-up-selling,✅,—,,,UNASSESSED,matched,e-commerce,t7_registry
venture,EC-083-AI-Product-Education,ec-083-ai-product-education,https://github.com/Worldwidebro/ec-083-ai-product-education,✅,—,,,UNASSESSED,matched,e-commerce,t7_registry
venture,EC-084-AI-Purchase-Timing,ec-084-ai-purchase-timing,https://github.com/Worldwidebro/ec-084-ai-purchase-timing,✅,—,,,UNASSESSED,matched,e-commerce,t7_registry
venture,EC-085-AI-Customer-Support,ec-085-ai-customer-support,https://github.com/Worldwidebro/ec-085-ai-customer-support,✅,—,,,UNASSESSED,matched,e-commerce,t7_registry
venture,EC-086-AI-Order-Tracking,ec-086-ai-order-tracking,https://github.com/Worldwidebro/ec-086-ai-order-tracking,✅,—,,,UNASSESSED,matched,e-commerce,t7_registry
venture,EC-087-AI-Product-Reviews,ec-087-ai-product-reviews,https://github.com/Worldwidebro/ec-087-ai-product-reviews,✅,—,,,UNASSESSED,matched,e-commerce,t7_registry
venture,EC-088-AI-Customer-Community,ec-088-ai-customer-community,https://github.com/Worldwidebro/ec-088-ai-customer-community,✅,—,,,UNASSESSED,matched,e-commerce,t7_registry
venture,EC-089-AI-Product-Customization,ec-089-ai-product-customization,https://github.com/Worldwidebro/ec-089-ai-product-customization,✅,—,,,UNASSESSED,matched,e-commerce,t7_registry
venture,EC-090-AI-Gift-Registry,ec-090-ai-gift-registry,https://github.com/Worldwidebro/ec-090-ai-gift-registry,✅,—,,,UNASSESSED,matched,e-commerce,t7_registry
venture,EC-091-AI-Wedding-Registry,ec-091-ai-wedding-registry,https://github.com/Worldwidebro/ec-091-ai-wedding-registry,✅,—,,,UNASSESSED,matched,e-commerce,t7_registry
venture,EC-092-AI-Baby-Registry,ec-092-ai-baby-registry,https://github.com/Worldwidebro/ec-092-ai-baby-registry,✅,—,,,UNASSESSED,matched,e-commerce,t7_registry
venture,EC-093-AI-Holiday-Planner,ec-093-ai-holiday-planner,https://github.com/Worldwidebro/ec-093-ai-holiday-planner,✅,—,,,UNASSESSED,matched,e-commerce,t7_registry
venture,EC-094-AI-Personal-Shopper,ec-094-ai-personal-shopper,https://github.com/Worldwidebro/ec-094-ai-personal-shopper,✅,—,,,UNASSESSED,matched,e-commerce,t7_registry
venture,EC-095-AI-Color-Match,ec-095-ai-color-match,https://github.com/Worldwidebro/ec-095-ai-color-match,✅,—,,,UNASSESSED,matched,e-commerce,t7_registry
venture,EC-096-AI-Fabric-Advisor,ec-096-ai-fabric-advisor,https://github.com/Worldwidebro/ec-096-ai-fabric-advisor,✅,—,,,UNASSESSED,matched,e-commerce,t7_registry
venture,EC-097-AI-Fit-Recommendation,ec-097-ai-fit-recommendation,https://github.com/Worldwidebro/ec-097-ai-fit-recommendation,✅,—,,,UNASSESSED,matched,e-commerce,t7_registry
venture,EC-098-AI-Outfit-Builder,ec-098-ai-outfit-builder,https://github.com/Worldwidebro/ec-098-ai-outfit-builder,✅,—,,,UNASSESSED,matched,e-commerce,t7_registry
venture,EC-099-AI-Seasonal-Forecast,ec-099-ai-seasonal-forecast,https://github.com/Worldwidebro/ec-099-ai-seasonal-forecast,✅,—,,,UNASSESSED,matched,e-commerce,t7_registry
venture,EC-100-AI-Wardrobe-Planner,ec-100-ai-wardrobe-planner,https://github.com/Worldwidebro/ec-100-ai-wardrobe-planner,✅,—,,,UNASSESSED,matched,e-commerce,t7_registry
venture,EC-101-AI-Accessory-Match,ec-101-ai-accessory-match,https://github.com/Worldwidebro/ec-101-ai-accessory-match,✅,—,,,UNASSESSED,matched,e-commerce,t7_registry
venture,EC-102-AI-Shoe-Match,ec-102-ai-shoe-match,https://github.com/Worldwidebro/ec-102-ai-shoe-match,✅,—,,,UNASSESSED,matched,e-commerce,t7_registry
venture,EC-103-AI-Jewelry-Match,ec-103-ai-jewelry-match,https://github.com/Worldwidebro/ec-103-ai-jewelry-match,✅,—,,,UNASSESSED,matched,e-commerce,t7_registry
venture,EC-104-AI-Bag-Match,ec-104-ai-bag-match,https://github.com/Worldwidebro/ec-104-ai-bag-match,✅,—,,,UNASSESSED,matched,e-commerce,t7_registry
venture,EC-105-AI-Color-Palette,ec-105-ai-color-palette,https://github.com/Worldwidebro/ec-105-ai-color-palette,✅,—,,,UNASSESSED,matched,e-commerce,t7_registry
venture,EC-106-AI-Outfit-Recycling,ec-106-ai-outfit-recycling,https://github.com/Worldwidebro/ec-106-ai-outfit-recycling,✅,—,,,UNASSESSED,matched,e-commerce,t7_registry
venture,EC-107-AI-Style-Evolution,ec-107-ai-style-evolution,https://github.com/Worldwidebro/ec-107-ai-style-evolution,✅,—,,,UNASSESSED,matched,e-commerce,t7_registry
venture,EC-108-AI-Budget-Stylist,ec-108-ai-budget-stylist,https://github.com/Worldwidebro/ec-108-ai-budget-stylist,✅,—,,,UNASSESSED,matched,e-commerce,t7_registry
venture,EC-109-AI-Trend-Archive,ec-109-ai-trend-archive,https://github.com/Worldwidebro/ec-109-ai-trend-archive,✅,—,,,UNASSESSED,matched,e-commerce,t7_registry
venture,EC-110-AI-Vintage-Advisor,ec-110-ai-vintage-advisor,https://github.com/Worldwidebro/ec-110-ai-vintage-advisor,✅,—,,,UNASSESSED,matched,e-commerce,t7_registry
venture,EDU-001,,worldwidebro/online-course-platform,—,—,,,UNASSESSED,no_repo_t7,education,t7_registry
venture,EDU-001-Youth-Entrepreneurship-Curriculum,edu-001-youth-entrepreneurship-curriculum,https://github.com/Worldwidebro/edu-001-youth-entrepreneurship-curriculum,✅,—,,,UNASSESSED,matched,education,t7_registry
venture,EDU-002-AI-Literacy-Program,edu-002-ai-literacy-program,https://github.com/Worldwidebro/edu-002-ai-literacy-program,✅,—,,,UNASSESSED,matched,education,t7_registry
venture,EDU-003-Coding-Mentor-Certification,edu-003-coding-mentor-certification,https://github.com/Worldwidebro/edu-003-coding-mentor-certification,✅,—,,,UNASSESSED,matched,education,t7_registry
venture,EDU-004-Real-Estate-Licensing-Prep,edu-004-real-estate-licensing-prep,https://github.com/Worldwidebro/edu-004-real-estate-licensing-prep,✅,—,,,UNASSESSED,matched,education,t7_registry
venture,EDU-005-Coding-Bootcamp,edu-005-coding-bootcamp,https://github.com/Worldwidebro/edu-005-coding-bootcamp,✅,—,,,UNASSESSED,matched,education,t7_registry
venture,EDU-006-Homeschooling-Content-AI,edu-006-homeschooling-content-ai,https://github.com/Worldwidebro/edu-006-homeschooling-content-ai,✅,—,,,UNASSESSED,matched,education,t7_registry
venture,EDU-007-AI-Tutoring-Platform,edu-007-ai-tutoring-platform,https://github.com/Worldwidebro/edu-007-ai-tutoring-platform,✅,—,,,UNASSESSED,matched,education,t7_registry
venture,EDU-008-Branding-Templates-Marketplace,edu-008-branding-templates-marketplace,https://github.com/Worldwidebro/edu-008-branding-templates-marketplace,✅,—,,,UNASSESSED,matched,education,t7_registry
venture,EDU-009-Voiceover-Script-Library,edu-009-voiceover-script-library,https://github.com/Worldwidebro/edu-009-voiceover-script-library,✅,—,,,UNASSESSED,matched,education,t7_registry
venture,EDU-010-Trade-Skills-Bootcamp,edu-010-trade-skills-bootcamp,https://github.com/Worldwidebro/edu-010-trade-skills-bootcamp,✅,—,,,UNASSESSED,matched,education,t7_registry
venture,EDU-011-Franchise-Blueprint-System,edu-011-franchise-blueprint-system,https://github.com/Worldwidebro/edu-011-franchise-blueprint-system,✅,—,,,UNASSESSED,matched,education,t7_registry
venture,EDU-012-Low-Income-Housing-Blueprint,edu-012-low-income-housing-blueprint,https://github.com/Worldwidebro/edu-012-low-income-housing-blueprint,✅,—,,,UNASSESSED,matched,education,t7_registry
venture,EDU-013-Automated-Empire-Book,edu-013-automated-empire-book,https://github.com/Worldwidebro/edu-013-automated-empire-book,✅,—,,,UNASSESSED,matched,education,t7_registry
venture,EDU-014-BIPOC-Creator-Incubator,edu-014-bipoc-creator-incubator,https://github.com/Worldwidebro/edu-014-bipoc-creator-incubator,✅,—,,,UNASSESSED,matched,education,t7_registry
venture,EDU-015-AI-Legal-Doc-Generator,edu-015-ai-legal-doc-generator,https://github.com/Worldwidebro/edu-015-ai-legal-doc-generator,✅,—,,,UNASSESSED,matched,education,t7_registry
venture,EDU-016-Virtual-Black-Art-Museum,edu-016-virtual-black-art-museum,https://github.com/Worldwidebro/edu-016-virtual-black-art-museum,✅,—,,,UNASSESSED,matched,education,t7_registry
venture,EDU-017-AI-Coding-Tutor,edu-017-ai-coding-tutor,https://github.com/Worldwidebro/edu-017-ai-coding-tutor,✅,—,,,UNASSESSED,matched,education,t7_registry
venture,EDU-018-Online-Course-Creator,edu-018-online-course-creator,https://github.com/Worldwidebro/edu-018-online-course-creator,✅,—,,,UNASSESSED,matched,education,t7_registry
venture,EDU-019-Executive-Education-Program,edu-019-executive-education-program,https://github.com/Worldwidebro/edu-019-executive-education-program,✅,—,,,UNASSESSED,matched,education,t7_registry
venture,EDU-020-Youth-STEM-Program,edu-020-youth-stem-program,https://github.com/Worldwidebro/edu-020-youth-stem-program,✅,—,,,UNASSESSED,matched,education,t7_registry
venture,EDU-021-Remote-Work-Certification,edu-021-remote-work-certification,https://github.com/Worldwidebro/edu-021-remote-work-certification,✅,—,,,UNASSESSED,matched,education,t7_registry
venture,EDU-022-AI-Research-Assistant,edu-022-ai-research-assistant,https://github.com/Worldwidebro/edu-022-ai-research-assistant,✅,—,,,UNASSESSED,matched,education,t7_registry
venture,EDU-023-Personal-Finance-Coach,edu-023-personal-finance-coach,https://github.com/Worldwidebro/edu-023-personal-finance-coach,✅,—,,,UNASSESSED,matched,education,t7_registry
venture,EDU-024-Language-Learning-AI,edu-024-language-learning-ai,https://github.com/Worldwidebro/edu-024-language-learning-ai,✅,—,,,UNASSESSED,matched,education,t7_registry
venture,EDU-025-Test-Preparation-AI,edu-025-test-preparation-ai,https://github.com/Worldwidebro/edu-025-test-preparation-ai,✅,—,,,UNASSESSED,matched,education,t7_registry
venture,EDU-026-Corporate-Training-AI,edu-026-corporate-training-ai,https://github.com/Worldwidebro/edu-026-corporate-training-ai,✅,—,,,UNASSESSED,matched,education,t7_registry
venture,EDU-027-Medical-Education-AI,edu-027-medical-education-ai,https://github.com/Worldwidebro/edu-027-medical-education-ai,✅,—,,,UNASSESSED,matched,education,t7_registry
venture,EDU-028-Legal-Education-AI,edu-028-legal-education-ai,https://github.com/Worldwidebro/edu-028-legal-education-ai,✅,—,,,UNASSESSED,matched,education,t7_registry
venture,EDU-029-Music-Education-AI,edu-029-music-education-ai,https://github.com/Worldwidebro/edu-029-music-education-ai,✅,—,,,UNASSESSED,matched,education,t7_registry
venture,EDU-030-Art-Education-AI,edu-030-art-education-ai,https://github.com/Worldwidebro/edu-030-art-education-ai,✅,—,,,UNASSESSED,matched,education,t7_registry
venture,EDU-031-Physical-Education-AI,edu-031-physical-education-ai,https://github.com/Worldwidebro/edu-031-physical-education-ai,✅,—,,,UNASSESSED,matched,education,t7_registry
venture,EDU-032-Environmental-Education-AI,edu-032-environmental-education-ai,https://github.com/Worldwidebro/edu-032-environmental-education-ai,✅,—,,,UNASSESSED,matched,education,t7_registry
venture,EDU-033-Social-Studies-AI,edu-033-social-studies-ai,https://github.com/Worldwidebro/edu-033-social-studies-ai,✅,—,,,UNASSESSED,matched,education,t7_registry
venture,EDU-034-Math-Education-AI,edu-034-math-education-ai,https://github.com/Worldwidebro/edu-034-math-education-ai,✅,—,,,UNASSESSED,matched,education,t7_registry
venture,EDU-035-Science-Education-AI,edu-035-science-education-ai,https://github.com/Worldwidebro/edu-035-science-education-ai,✅,—,,,UNASSESSED,matched,education,t7_registry
venture,EDU-036-Reading-Comprehension-AI,edu-036-reading-comprehension-ai,https://github.com/Worldwidebro/edu-036-reading-comprehension-ai,✅,—,,,UNASSESSED,matched,education,t7_registry
venture,EDU-037-Writing-Instruction-AI,edu-037-writing-instruction-ai,https://github.com/Worldwidebro/edu-037-writing-instruction-ai,✅,—,,,UNASSESSED,matched,education,t7_registry
venture,EDU-038-Critical-Thinking-AI,edu-038-critical-thinking-ai,https://github.com/Worldwidebro/edu-038-critical-thinking-ai,✅,—,,,UNASSESSED,matched,education,t7_registry
venture,EDU-039-Emotional-Intelligence-AI,edu-039-emotional-intelligence-ai,https://github.com/Worldwidebro/edu-039-emotional-intelligence-ai,✅,—,,,UNASSESSED,matched,education,t7_registry
venture,EDU-040-Time-Management-AI,edu-040-time-management-ai,https://github.com/Worldwidebro/edu-040-time-management-ai,✅,—,,,UNASSESSED,matched,education,t7_registry
venture,EM-001,,worldwidebro/blockchain-commerce-platform,—,—,,,UNASSESSED,no_repo_t7,emerging,t7_registry
venture,EM-001-Space-Habitat-AI,em-001-space-habitat-ai,https://github.com/Worldwidebro/em-001-space-habitat-ai,✅,—,,,UNASSESSED,matched,emerging,t7_registry
venture,EM-002-Fusion-Energy-AI,em-002-fusion-energy-ai,https://github.com/Worldwidebro/em-002-fusion-energy-ai,✅,—,,,UNASSESSED,matched,emerging,t7_registry
venture,EM-003-Teleportation-Research-AI,em-003-teleportation-research-ai,https://github.com/Worldwidebro/em-003-teleportation-research-ai,✅,—,,,UNASSESSED,matched,emerging,t7_registry
venture,EM-004-Climate-Solutions-AI,em-004-climate-solutions-ai,https://github.com/Worldwidebro/em-004-climate-solutions-ai,✅,—,,,UNASSESSED,matched,emerging,t7_registry
venture,EM-005-Holographic-Events-AI,em-005-holographic-events-ai,https://github.com/Worldwidebro/em-005-holographic-events-ai,✅,—,,,UNASSESSED,matched,emerging,t7_registry
venture,EM-006-Neurofeedback-AI,em-006-neurofeedback-ai,https://github.com/Worldwidebro/em-006-neurofeedback-ai,✅,—,,,UNASSESSED,matched,emerging,t7_registry
venture,EM-007-Autonomous-Delivery-AI,em-007-autonomous-delivery-ai,https://github.com/Worldwidebro/em-007-autonomous-delivery-ai,✅,—,,,UNASSESSED,matched,emerging,t7_registry
venture,EM-008-Gene-Editing-AI,em-008-gene-editing-ai,https://github.com/Worldwidebro/em-008-gene-editing-ai,✅,—,,,UNASSESSED,matched,emerging,t7_registry
venture,EM-009-Space-Tourism-AI,em-009-space-tourism-ai,https://github.com/Worldwidebro/em-009-space-tourism-ai,✅,—,,,UNASSESSED,matched,emerging,t7_registry
venture,EM-010-Wearables-AI,em-010-wearables-ai,https://github.com/Worldwidebro/em-010-wearables-ai,✅,—,,,UNASSESSED,matched,emerging,t7_registry
venture,EM-011-Metaverse-Hub-AI,em-011-metaverse-hub-ai,https://github.com/Worldwidebro/em-011-metaverse-hub-ai,✅,—,,,UNASSESSED,matched,emerging,t7_registry
venture,EM-012-Energy-Grid-AI,em-012-energy-grid-ai,https://github.com/Worldwidebro/em-012-energy-grid-ai,✅,—,,,UNASSESSED,matched,emerging,t7_registry
venture,EM-013-Brain-Computer-Interface,em-013-brain-computer-interface,https://github.com/Worldwidebro/em-013-brain-computer-interface,✅,—,,,UNASSESSED,matched,emerging,t7_registry
venture,EM-014-Ocean-Cleanup-AI,em-014-ocean-cleanup-ai,https://github.com/Worldwidebro/em-014-ocean-cleanup-ai,✅,—,,,UNASSESSED,matched,emerging,t7_registry
venture,EM-015-Crypto-Trading-AI,em-015-crypto-trading-ai,https://github.com/Worldwidebro/em-015-crypto-trading-ai,✅,—,,,UNASSESSED,matched,emerging,t7_registry
venture,EM-016-Synthetic-Media-AI,em-016-synthetic-media-ai,https://github.com/Worldwidebro/em-016-synthetic-media-ai,✅,—,,,UNASSESSED,matched,emerging,t7_registry
venture,EM-017-Space-Mining-AI,em-017-space-mining-ai,https://github.com/Worldwidebro/em-017-space-mining-ai,✅,—,,,UNASSESSED,matched,emerging,t7_registry
venture,EM-018-VR-Therapy-AI,em-018-vr-therapy-ai,https://github.com/Worldwidebro/em-018-vr-therapy-ai,✅,—,,,UNASSESSED,matched,emerging,t7_registry
venture,EM-019-Weather-Prediction-AI,em-019-weather-prediction-ai,https://github.com/Worldwidebro/em-019-weather-prediction-ai,✅,—,,,UNASSESSED,matched,emerging,t7_registry
venture,EM-020-Autonomous-Farming-AI,em-020-autonomous-farming-ai,https://github.com/Worldwidebro/em-020-autonomous-farming-ai,✅,—,,,UNASSESSED,matched,emerging,t7_registry
venture,EM-021-Traffic-Optimizer-AI,em-021-traffic-optimizer-ai,https://github.com/Worldwidebro/em-021-traffic-optimizer-ai,✅,—,,,UNASSESSED,matched,emerging,t7_registry
venture,EM-022-Smart-Grid-AI,em-022-smart-grid-ai,https://github.com/Worldwidebro/em-022-smart-grid-ai,✅,—,,,UNASSESSED,matched,emerging,t7_registry
venture,EM-023-Disaster-Prediction-AI,em-023-disaster-prediction-ai,https://github.com/Worldwidebro/em-023-disaster-prediction-ai,✅,—,,,UNASSESSED,matched,emerging,t7_registry
venture,EM-024-Nanotech-AI,em-024-nanotech-ai,https://github.com/Worldwidebro/em-024-nanotech-ai,✅,—,,,UNASSESSED,matched,emerging,t7_registry
venture,EM-025-Personalized-Medicine-AI,em-025-personalized-medicine-ai,https://github.com/Worldwidebro/em-025-personalized-medicine-ai,✅,—,,,UNASSESSED,matched,emerging,t7_registry
venture,EM-026-AI-Diagnostic-Lab,em-026-ai-diagnostic-lab,https://github.com/Worldwidebro/em-026-ai-diagnostic-lab,✅,—,,,UNASSESSED,matched,emerging,t7_registry
venture,EM-027-Sustainable-Cities-AI,em-027-sustainable-cities-ai,https://github.com/Worldwidebro/em-027-sustainable-cities-ai,✅,—,,,UNASSESSED,matched,emerging,t7_registry
venture,EM-028-Renewable-Energy-AI,em-028-renewable-energy-ai,https://github.com/Worldwidebro/em-028-renewable-energy-ai,✅,—,,,UNASSESSED,matched,emerging,t7_registry
venture,EM-029-Climate-Modeling-AI,em-029-climate-modeling-ai,https://github.com/Worldwidebro/em-029-climate-modeling-ai,✅,—,,,UNASSESSED,matched,emerging,t7_registry
venture,EM-030-Policy-Advisor-AI,em-030-policy-advisor-ai,https://github.com/Worldwidebro/em-030-policy-advisor-ai,✅,—,,,UNASSESSED,matched,emerging,t7_registry
venture,EM-031-Governance-Hub-AI,em-031-governance-hub-ai,https://github.com/Worldwidebro/em-031-governance-hub-ai,✅,—,,,UNASSESSED,matched,emerging,t7_registry
venture,EM-032-Global-Challenges-AI,em-032-global-challenges-ai,https://github.com/Worldwidebro/em-032-global-challenges-ai,✅,—,,,UNASSESSED,matched,emerging,t7_registry
venture,EM-033-Space-Exploration-AI,em-033-space-exploration-ai,https://github.com/Worldwidebro/em-033-space-exploration-ai,✅,—,,,UNASSESSED,matched,emerging,t7_registry
venture,EM-034-Education-Equity-AI,em-034-education-equity-ai,https://github.com/Worldwidebro/em-034-education-equity-ai,✅,—,,,UNASSESSED,matched,emerging,t7_registry
venture,EM-035-Health-Equity-AI,em-035-health-equity-ai,https://github.com/Worldwidebro/em-035-health-equity-ai,✅,—,,,UNASSESSED,matched,emerging,t7_registry
venture,EM-036-Economic-Equity-AI,em-036-economic-equity-ai,https://github.com/Worldwidebro/em-036-economic-equity-ai,✅,—,,,UNASSESSED,matched,emerging,t7_registry
venture,EM-037-Environmental-Justice-AI,em-037-environmental-justice-ai,https://github.com/Worldwidebro/em-037-environmental-justice-ai,✅,—,,,UNASSESSED,matched,emerging,t7_registry
venture,EM-038-Human-Rights-AI,em-038-human-rights-ai,https://github.com/Worldwidebro/em-038-human-rights-ai,✅,—,,,UNASSESSED,matched,emerging,t7_registry
venture,EM-039-Peacebuilding-AI,em-039-peacebuilding-ai,https://github.com/Worldwidebro/em-039-peacebuilding-ai,✅,—,,,UNASSESSED,matched,emerging,t7_registry
venture,EM-040-Telemedicine-AI,em-040-telemedicine-ai,https://github.com/Worldwidebro/em-040-telemedicine-ai,✅,—,,,UNASSESSED,matched,emerging,t7_registry
venture,EM-041-AI-Climate-Adaptation,em-041-ai-climate-adaptation,https://github.com/Worldwidebro/em-041-ai-climate-adaptation,✅,—,,,UNASSESSED,matched,emerging,t7_registry
venture,EM-042-Space-Agriculture-AI,em-042-space-agriculture-ai,https://github.com/Worldwidebro/em-042-space-agriculture-ai,✅,—,,,UNASSESSED,matched,emerging,t7_registry
venture,EM-043-Quantum-Communication-AI,em-043-quantum-communication-ai,https://github.com/Worldwidebro/em-043-quantum-communication-ai,✅,—,,,UNASSESSED,matched,emerging,t7_registry
venture,EM-044-Robotics-Surgery-AI,em-044-robotics-surgery-ai,https://github.com/Worldwidebro/em-044-robotics-surgery-ai,✅,—,,,UNASSESSED,matched,emerging,t7_registry
venture,EM-045-AI-Disaster-Response,em-045-ai-disaster-response,https://github.com/Worldwidebro/em-045-ai-disaster-response,✅,—,,,UNASSESSED,matched,emerging,t7_registry
venture,EM-046-Smart-City-Governance,em-046-smart-city-governance,https://github.com/Worldwidebro/em-046-smart-city-governance,✅,—,,,UNASSESSED,matched,emerging,t7_registry
venture,EM-047-AI-Environmental-Monitoring,em-047-ai-environmental-monitoring,https://github.com/Worldwidebro/em-047-ai-environmental-monitoring,✅,—,,,UNASSESSED,matched,emerging,t7_registry
venture,EM-048-Space-Manufacturing-AI,em-048-space-manufacturing-ai,https://github.com/Worldwidebro/em-048-space-manufacturing-ai,✅,—,,,UNASSESSED,matched,emerging,t7_registry
venture,EM-049-AI-Ocean-Exploration,em-049-ai-ocean-exploration,https://github.com/Worldwidebro/em-049-ai-ocean-exploration,✅,—,,,UNASSESSED,matched,emerging,t7_registry
venture,EM-050-AI-Archaeology,em-050-ai-archaeology,https://github.com/Worldwidebro/em-050-ai-archaeology,✅,—,,,UNASSESSED,matched,emerging,t7_registry
venture,ET-001-Online-Tutoring-Platform,et-001-online-tutoring-platform,https://github.com/Worldwidebro/et-001-online-tutoring-platform,✅,—,,,UNASSESSED,matched,education-training,t7_registry
venture,ET-002-Language-Learning-App,et-002-language-learning-app,https://github.com/Worldwidebro/et-002-language-learning-app,✅,—,,,UNASSESSED,matched,education-training,t7_registry
venture,ET-003-Test-Prep-Service,et-003-test-prep-service,https://github.com/Worldwidebro/et-003-test-prep-service,✅,—,,,UNASSESSED,matched,education-training,t7_registry
venture,ET-004-Coding-Bootcamp,et-004-coding-bootcamp,https://github.com/Worldwidebro/et-004-coding-bootcamp,✅,—,,,UNASSESSED,matched,education-training,t7_registry
venture,ET-005-Professional-Certification,et-005-professional-certification,https://github.com/Worldwidebro/et-005-professional-certification,✅,—,,,UNASSESSED,matched,education-training,t7_registry
venture,ET-006-Corporate-Training,et-006-corporate-training,https://github.com/Worldwidebro/et-006-corporate-training,✅,—,,,UNASSESSED,matched,education-training,t7_registry
venture,ET-007-Skills-Assessment-Platform,et-007-skills-assessment-platform,https://github.com/Worldwidebro/et-007-skills-assessment-platform,✅,—,,,UNASSESSED,matched,education-training,t7_registry
venture,ET-008-Career-Coaching,et-008-career-coaching,https://github.com/Worldwidebro/et-008-career-coaching,✅,—,,,UNASSESSED,matched,education-training,t7_registry
venture,ET-009-Resume-Writing-Service,et-009-resume-writing-service,https://github.com/Worldwidebro/et-009-resume-writing-service,✅,—,,,UNASSESSED,matched,education-training,t7_registry
venture,ET-010-Interview-Prep-Platform,et-010-interview-prep-platform,https://github.com/Worldwidebro/et-010-interview-prep-platform,✅,—,,,UNASSESSED,matched,education-training,t7_registry
venture,ET-011-Mentorship-Platform,et-011-mentorship-platform,https://github.com/Worldwidebro/et-011-mentorship-platform,✅,—,,,UNASSESSED,matched,education-training,t7_registry
venture,ET-012-Educational-Content-Library,et-012-educational-content-library,https://github.com/Worldwidebro/et-012-educational-content-library,✅,—,,,UNASSESSED,matched,education-training,t7_registry
venture,ET-013-VR-Training-Simulations,et-013-vr-training-simulations,https://github.com/Worldwidebro/et-013-vr-training-simulations,✅,—,,,UNASSESSED,matched,education-training,t7_registry
venture,ET-014-Gamified-Learning-App,et-014-gamified-learning-app,https://github.com/Worldwidebro/et-014-gamified-learning-app,✅,—,,,UNASSESSED,matched,education-training,t7_registry
venture,ET-015-Homeschool-Curriculum,et-015-homeschool-curriculum,https://github.com/Worldwidebro/et-015-homeschool-curriculum,✅,—,,,UNASSESSED,matched,education-training,t7_registry
venture,FH-001-Personal-Chef-Service,fh-001-personal-chef-service,https://github.com/Worldwidebro/fh-001-personal-chef-service,✅,—,,,UNASSESSED,matched,food-hospitality,t7_registry
venture,FH-002-Meal-Prep-Delivery,fh-002-meal-prep-delivery,https://github.com/Worldwidebro/fh-002-meal-prep-delivery,✅,—,,,UNASSESSED,matched,food-hospitality,t7_registry
venture,FH-003-Private-Dinner-Experiences,fh-003-private-dinner-experiences,https://github.com/Worldwidebro/fh-003-private-dinner-experiences,✅,—,,,UNASSESSED,matched,food-hospitality,t7_registry
venture,FH-004-Catering-Company,fh-004-catering-company,https://github.com/Worldwidebro/fh-004-catering-company,✅,—,,,UNASSESSED,matched,food-hospitality,t7_registry
venture,FH-005-Corporate-Lunch-Service,fh-005-corporate-lunch-service,https://github.com/Worldwidebro/fh-005-corporate-lunch-service,✅,—,,,UNASSESSED,matched,food-hospitality,t7_registry
venture,FH-006-Healthy-Meal-Prep-for-Gyms,fh-006-healthy-meal-prep-for-gyms,https://github.com/Worldwidebro/fh-006-healthy-meal-prep-for-gyms,✅,—,,,UNASSESSED,matched,food-hospitality,t7_registry
venture,FH-007-Elderly-Meal-Service,fh-007-elderly-meal-service,https://github.com/Worldwidebro/fh-007-elderly-meal-service,✅,—,,,UNASSESSED,matched,food-hospitality,t7_registry
venture,FH-008-Athlete-Nutrition-Service,fh-008-athlete-nutrition-service,https://github.com/Worldwidebro/fh-008-athlete-nutrition-service,✅,—,,,UNASSESSED,matched,food-hospitality,t7_registry
venture,FH-009-Packaged-Food-Brand,fh-009-packaged-food-brand,https://github.com/Worldwidebro/fh-009-packaged-food-brand,✅,—,,,UNASSESSED,matched,food-hospitality,t7_registry
venture,FH-010-Frozen-Meals-Company,fh-010-frozen-meals-company,https://github.com/Worldwidebro/fh-010-frozen-meals-company,✅,—,,,UNASSESSED,matched,food-hospitality,t7_registry
venture,FH-011-Sauce-or-Seasoning-Brand,fh-011-sauce-or-seasoning-brand,https://github.com/Worldwidebro/fh-011-sauce-or-seasoning-brand,✅,—,,,UNASSESSED,matched,food-hospitality,t7_registry
venture,FH-012-Protein-Snacks-Brand,fh-012-protein-snacks-brand,https://github.com/Worldwidebro/fh-012-protein-snacks-brand,✅,—,,,UNASSESSED,matched,food-hospitality,t7_registry
venture,FH-013-Meal-Kit-Company,fh-013-meal-kit-company,https://github.com/Worldwidebro/fh-013-meal-kit-company,✅,—,,,UNASSESSED,matched,food-hospitality,t7_registry
venture,FH-014-Cloud-Kitchen-,fh-014-cloud-kitchen-,https://github.com/Worldwidebro/fh-014-cloud-kitchen-,✅,—,,,UNASSESSED,matched,food-hospitality,t7_registry
venture,FH-015-AI-Nutrition-Planner,fh-015-ai-nutrition-planner,https://github.com/Worldwidebro/fh-015-ai-nutrition-planner,✅,—,,,UNASSESSED,matched,food-hospitality,t7_registry
venture,FH-016-Recipe-App,fh-016-recipe-app,https://github.com/Worldwidebro/fh-016-recipe-app,✅,—,,,UNASSESSED,matched,food-hospitality,t7_registry
venture,FH-017-Cooking-Content-Brand,fh-017-cooking-content-brand,https://github.com/Worldwidebro/fh-017-cooking-content-brand,✅,—,,,UNASSESSED,matched,food-hospitality,t7_registry
venture,FH-018-Food-Influencer-Brand,fh-018-food-influencer-brand,https://github.com/Worldwidebro/fh-018-food-influencer-brand,✅,—,,,UNASSESSED,matched,food-hospitality,t7_registry
venture,FH-019-Cooking-Course-Platform,fh-019-cooking-course-platform,https://github.com/Worldwidebro/fh-019-cooking-course-platform,✅,—,,,UNASSESSED,matched,food-hospitality,t7_registry
venture,FH-020-Restaurant-POS-System,fh-020-restaurant-pos-system,https://github.com/Worldwidebro/fh-020-restaurant-pos-system,✅,—,,,UNASSESSED,matched,food-hospitality,t7_registry
venture,FH-021-Food-Truck-Business,fh-021-food-truck-business,https://github.com/Worldwidebro/fh-021-food-truck-business,✅,—,,,UNASSESSED,matched,food-hospitality,t7_registry
venture,FH-022-Specialty-Coffee-Shop,fh-022-specialty-coffee-shop,https://github.com/Worldwidebro/fh-022-specialty-coffee-shop,✅,—,,,UNASSESSED,matched,food-hospitality,t7_registry
venture,FH-023-Bakery-&-Pastry-Shop,,https://github.com/Worldwidebro/fh-023-bakery-&-pastry-shop,—,—,,,UNASSESSED,t7_claim_not_in_owned_github,food-hospitality,t7_registry
venture,FH-024-Juice-Bar,fh-024-juice-bar,https://github.com/Worldwidebro/fh-024-juice-bar,✅,—,,,UNASSESSED,matched,food-hospitality,t7_registry
venture,FH-025-Ice-Cream-Shop,fh-025-ice-cream-shop,https://github.com/Worldwidebro/fh-025-ice-cream-shop,✅,—,,,UNASSESSED,matched,food-hospitality,t7_registry
venture,FH-026-Gourmet-Food-Market,fh-026-gourmet-food-market,https://github.com/Worldwidebro/fh-026-gourmet-food-market,✅,—,,,UNASSESSED,matched,food-hospitality,t7_registry
venture,FH-027-Food-Delivery-Platform,fh-027-food-delivery-platform,https://github.com/Worldwidebro/fh-027-food-delivery-platform,✅,—,,,UNASSESSED,matched,food-hospitality,t7_registry
venture,FH-028-Restaurant-Management-SaaS,fh-028-restaurant-management-saas,https://github.com/Worldwidebro/fh-028-restaurant-management-saas,✅,—,,,UNASSESSED,matched,food-hospitality,t7_registry
venture,FH-029-Food-Quality-Testing-Lab,fh-029-food-quality-testing-lab,https://github.com/Worldwidebro/fh-029-food-quality-testing-lab,✅,—,,,UNASSESSED,matched,food-hospitality,t7_registry
venture,FH-030-Organic-Food-Brand,fh-030-organic-food-brand,https://github.com/Worldwidebro/fh-030-organic-food-brand,✅,—,,,UNASSESSED,matched,food-hospitality,t7_registry
venture,FH-031-Vegan-Food-Company,fh-031-vegan-food-company,https://github.com/Worldwidebro/fh-031-vegan-food-company,✅,—,,,UNASSESSED,matched,food-hospitality,t7_registry
venture,FH-032-Keto-Meal-Service,fh-032-keto-meal-service,https://github.com/Worldwidebro/fh-032-keto-meal-service,✅,—,,,UNASSESSED,matched,food-hospitality,t7_registry
venture,FH-033-Food-Photography-Service,fh-033-food-photography-service,https://github.com/Worldwidebro/fh-033-food-photography-service,✅,—,,,UNASSESSED,matched,food-hospitality,t7_registry
venture,FH-034-Restaurant-Consulting,fh-034-restaurant-consulting,https://github.com/Worldwidebro/fh-034-restaurant-consulting,✅,—,,,UNASSESSED,matched,food-hospitality,t7_registry
venture,FH-035-Food-Safety-Training,fh-035-food-safety-training,https://github.com/Worldwidebro/fh-035-food-safety-training,✅,—,,,UNASSESSED,matched,food-hospitality,t7_registry
venture,FI-dist,,https://github.com/Worldwidebro/dist,—,—,,,UNASSESSED,t7_claim_not_in_owned_github,financial,t7_registry
venture,FI-node_modules,,https://github.com/Worldwidebro/node_modules,—,—,,,UNASSESSED,t7_claim_not_in_owned_github,financial,t7_registry
venture,FI-public,,https://github.com/Worldwidebro/public,—,—,,,UNASSESSED,t7_claim_not_in_owned_github,financial,t7_registry
venture,FI-src,,https://github.com/Worldwidebro/src,—,—,,,UNASSESSED,t7_claim_not_in_owned_github,financial,t7_registry
venture,FI-supabase,,https://github.com/Worldwidebro/supabase,—,—,,,UNASSESSED,t7_claim_not_in_owned_github,financial,t7_registry
venture,FIN-001,,worldwidebro/genixbank-lite,—,—,,,UNASSESSED,no_repo_t7,financial,t7_registry
venture,FIN-001-GenixBank-Lite,fin-001-genixbank-lite,https://github.com/Worldwidebro/fin-001-genixbank-lite,✅,—,,,UNASSESSED,matched,financial,t7_registry
venture,FIN-002,,worldwidebro/credit-repair-automation,—,—,,,UNASSESSED,no_repo_t7,financial,t7_registry
venture,FIN-002-Credit-Repair-Automation,fin-002-credit-repair-automation,https://github.com/Worldwidebro/fin-002-credit-repair-automation,✅,—,,,UNASSESSED,matched,financial,t7_registry
venture,FIN-003,,worldwidebro/ai-boss-hub-lite,—,—,,,UNASSESSED,no_repo_t7,financial,t7_registry
venture,FIN-003-AI-Boss-Hub-Lite,fin-003-ai-boss-hub-lite,https://github.com/Worldwidebro/fin-003-ai-boss-hub-lite,✅,—,,,UNASSESSED,matched,financial,t7_registry
venture,FIN-004,,worldwidebro/genixbanks-ai-treasurer,—,—,,,UNASSESSED,no_repo_t7,financial,t7_registry
venture,FIN-004-GenixBanks-AI-Treasurer,fin-004-genixbanks-ai-treasurer,https://github.com/Worldwidebro/fin-004-genixbanks-ai-treasurer,✅,—,,,UNASSESSED,matched,financial,t7_registry
venture,FIN-005,,worldwidebro/u-haul-rental-affiliate,—,—,,,UNASSESSED,no_repo_t7,financial,t7_registry
venture,FIN-005-U-Haul-Rental-Affiliate,fin-005-u-haul-rental-affiliate,https://github.com/Worldwidebro/fin-005-u-haul-rental-affiliate,✅,—,,,UNASSESSED,matched,financial,t7_registry
venture,FIN-006,,worldwidebro/tax-prep-filing-services,—,—,,,UNASSESSED,no_repo_t7,financial,t7_registry
venture,FIN-006-Tax-Prep-Filing-Services,fin-006-tax-prep-filing-services,https://github.com/Worldwidebro/fin-006-tax-prep-filing-services,✅,—,,,UNASSESSED,matched,financial,t7_registry
venture,FIN-007,,worldwidebro/business-credit-building,—,—,,,UNASSESSED,no_repo_t7,financial,t7_registry
venture,FIN-007-Business-Credit-Building,fin-007-business-credit-building,https://github.com/Worldwidebro/fin-007-business-credit-building,✅,—,,,UNASSESSED,matched,financial,t7_registry
venture,FIN-008,,worldwidebro/business-formation-services,—,—,,,UNASSESSED,no_repo_t7,financial,t7_registry
venture,FIN-008-Business-Formation-Services,fin-008-business-formation-services,https://github.com/Worldwidebro/fin-008-business-formation-services,✅,—,,,UNASSESSED,matched,financial,t7_registry
venture,FIN-009,,worldwidebro/crypto-tax-optimizer,—,—,,,UNASSESSED,no_repo_t7,financial,t7_registry
venture,FIN-009-Crypto-Tax-Optimizer,fin-009-crypto-tax-optimizer,https://github.com/Worldwidebro/fin-009-crypto-tax-optimizer,✅,—,,,UNASSESSED,matched,financial,t7_registry
venture,FIN-010,,worldwidebro/ai-powered-garbage-collection,—,—,,,UNASSESSED,no_repo_t7,financial,t7_registry
venture,FIN-010-AI-Powered-Garbage-Collection,fin-010-ai-powered-garbage-collection,https://github.com/Worldwidebro/fin-010-ai-powered-garbage-collection,✅,—,,,UNASSESSED,matched,financial,t7_registry
venture,FIN-011,,worldwidebro/automated-bookkeeping,—,—,,,UNASSESSED,no_repo_t7,financial,t7_registry
venture,FIN-011-Automated-Bookkeeping,fin-011-automated-bookkeeping,https://github.com/Worldwidebro/fin-011-automated-bookkeeping,✅,—,,,UNASSESSED,matched,financial,t7_registry
venture,FIN-012,,worldwidebro/invoice-factoring-ai,—,—,,,UNASSESSED,no_repo_t7,financial,t7_registry
venture,FIN-012-Invoice-Factoring-AI,fin-012-invoice-factoring-ai,https://github.com/Worldwidebro/fin-012-invoice-factoring-ai,✅,—,,,UNASSESSED,matched,financial,t7_registry
venture,FIN-013,,worldwidebro/charity-donation-ai,—,—,,,UNASSESSED,no_repo_t7,financial,t7_registry
venture,FIN-013-Charity-Donation-AI,fin-013-charity-donation-ai,https://github.com/Worldwidebro/fin-013-charity-donation-ai,✅,—,,,UNASSESSED,matched,financial,t7_registry
venture,FIN-014,,worldwidebro/expense-tracker-ai,—,—,,,UNASSESSED,no_repo_t7,financial,t7_registry
venture,FIN-014-Expense-Tracker-AI,fin-014-expense-tracker-ai,https://github.com/Worldwidebro/fin-014-expense-tracker-ai,✅,—,,,UNASSESSED,matched,financial,t7_registry
venture,FIN-015,,worldwidebro/financial-wellness-coach,—,—,,,UNASSESSED,no_repo_t7,financial,t7_registry
venture,FIN-015-Financial-Wellness-Coach,fin-015-financial-wellness-coach,https://github.com/Worldwidebro/fin-015-financial-wellness-coach,✅,—,,,UNASSESSED,matched,financial,t7_registry
venture,FIN-016,,worldwidebro/trade-finance-ai,—,—,,,UNASSESSED,no_repo_t7,financial,t7_registry
venture,FIN-016-Trade-Finance-AI,fin-016-trade-finance-ai,https://github.com/Worldwidebro/fin-016-trade-finance-ai,✅,—,,,UNASSESSED,matched,financial,t7_registry
venture,FIN-017,,worldwidebro/remittance-ai,—,—,,,UNASSESSED,no_repo_t7,financial,t7_registry
venture,FIN-017-Remittance-AI,fin-017-remittance-ai,https://github.com/Worldwidebro/fin-017-remittance-ai,✅,—,,,UNASSESSED,matched,financial,t7_registry
venture,FIN-018,,worldwidebro/wealth-transfer-ai,—,—,,,UNASSESSED,no_repo_t7,financial,t7_registry
venture,FIN-018-Wealth-Transfer-AI,fin-018-wealth-transfer-ai,https://github.com/Worldwidebro/fin-018-wealth-transfer-ai,✅,—,,,UNASSESSED,matched,financial,t7_registry
venture,FIN-019,,worldwidebro/payment-gateway-ai,—,—,,,UNASSESSED,no_repo_t7,financial,t7_registry
venture,FIN-019-Payment-Gateway-AI,fin-019-payment-gateway-ai,https://github.com/Worldwidebro/fin-019-payment-gateway-ai,✅,—,,,UNASSESSED,matched,financial,t7_registry
venture,FIN-020,,worldwidebro/debt-consolidation-ai,—,—,,,UNASSESSED,no_repo_t7,financial,t7_registry
venture,FIN-020-Debt-Consolidation-AI,fin-020-debt-consolidation-ai,https://github.com/Worldwidebro/fin-020-debt-consolidation-ai,✅,—,,,UNASSESSED,matched,financial,t7_registry
venture,FIN-021,,worldwidebro/tax-deduction-finder,—,—,,,UNASSESSED,no_repo_t7,financial,t7_registry
venture,FIN-021-Tax-Deduction-Finder,fin-021-tax-deduction-finder,https://github.com/Worldwidebro/fin-021-tax-deduction-finder,✅,—,,,UNASSESSED,matched,financial,t7_registry
venture,FIN-022,,worldwidebro/budget-forecasting-ai,—,—,,,UNASSESSED,no_repo_t7,financial,t7_registry
venture,FIN-022-Budget-Forecasting-AI,fin-022-budget-forecasting-ai,https://github.com/Worldwidebro/fin-022-budget-forecasting-ai,✅,—,,,UNASSESSED,matched,financial,t7_registry
venture,FIN-023,,worldwidebro/investment-portfolio-ai,—,—,,,UNASSESSED,no_repo_t7,financial,t7_registry
venture,FIN-023-Investment-Portfolio-AI,fin-023-investment-portfolio-ai,https://github.com/Worldwidebro/fin-023-investment-portfolio-ai,✅,—,,,UNASSESSED,matched,financial,t7_registry
venture,FIN-024,,worldwidebro/crowdfunding-ai,—,—,,,UNASSESSED,no_repo_t7,financial,t7_registry
venture,FIN-024-Crowdfunding-AI,fin-024-crowdfunding-ai,https://github.com/Worldwidebro/fin-024-crowdfunding-ai,✅,—,,,UNASSESSED,matched,financial,t7_registry
venture,FIN-025,,worldwidebro/escrow-automation,—,—,,,UNASSESSED,no_repo_t7,financial,t7_registry
venture,FIN-025-Escrow-Automation,fin-025-escrow-automation,https://github.com/Worldwidebro/fin-025-escrow-automation,✅,—,,,UNASSESSED,matched,financial,t7_registry
venture,FIN-026,,worldwidebro/financial-compliance-scanner,—,—,,,UNASSESSED,no_repo_t7,financial,t7_registry
venture,FIN-026-Financial-Compliance-Scanner,fin-026-financial-compliance-scanner,https://github.com/Worldwidebro/fin-026-financial-compliance-scanner,✅,—,,,UNASSESSED,matched,financial,t7_registry
venture,FIN-027,,worldwidebro/patent-writer-ai,—,—,,,UNASSESSED,no_repo_t7,financial,t7_registry
venture,FIN-027-Patent-Writer-AI,fin-027-patent-writer-ai,https://github.com/Worldwidebro/fin-027-patent-writer-ai,✅,—,,,UNASSESSED,matched,financial,t7_registry
venture,FIN-028,,worldwidebro/legal-analyzer-ai,—,—,,,UNASSESSED,no_repo_t7,financial,t7_registry
venture,FIN-028-Legal-Analyzer-AI,fin-028-legal-analyzer-ai,https://github.com/Worldwidebro/fin-028-legal-analyzer-ai,✅,—,,,UNASSESSED,matched,financial,t7_registry
venture,FIN-029,,worldwidebro/compliance-wallet-saas,—,—,,,UNASSESSED,no_repo_t7,financial,t7_registry
venture,FIN-029-Compliance-Wallet-SaaS,fin-029-compliance-wallet-saas,https://github.com/Worldwidebro/fin-029-compliance-wallet-saas,✅,—,,,UNASSESSED,matched,financial,t7_registry
venture,FIN-030,,worldwidebro/local-seo-ranker-ai,—,—,,,UNASSESSED,no_repo_t7,financial,t7_registry
venture,FIN-030-Local-SEO-Ranker-AI,fin-030-local-seo-ranker-ai,https://github.com/Worldwidebro/fin-030-local-seo-ranker-ai,✅,—,,,UNASSESSED,matched,financial,t7_registry
venture,FIN-031,,worldwidebro/investor-dashboard-builder,—,—,,,UNASSESSED,no_repo_t7,financial,t7_registry
venture,FIN-031-Investor-Dashboard-Builder,fin-031-investor-dashboard-builder,https://github.com/Worldwidebro/fin-031-investor-dashboard-builder,✅,—,,,UNASSESSED,matched,financial,t7_registry
venture,FIN-032,,worldwidebro/legal-toolkit-ai,—,—,,,UNASSESSED,no_repo_t7,financial,t7_registry
venture,FIN-032-Legal-Toolkit-AI,fin-032-legal-toolkit-ai,https://github.com/Worldwidebro/fin-032-legal-toolkit-ai,✅,—,,,UNASSESSED,matched,financial,t7_registry
venture,FIN-033,,worldwidebro/ai-tax-preparation-service,—,—,,,UNASSESSED,no_repo_t7,financial,t7_registry
venture,FIN-033-AI-Tax-Preparation-Service,fin-033-ai-tax-preparation-service,https://github.com/Worldwidebro/fin-033-ai-tax-preparation-service,✅,—,,,UNASSESSED,matched,financial,t7_registry
venture,FIN-034,,worldwidebro/payroll-automation,—,—,,,UNASSESSED,no_repo_t7,financial,t7_registry
venture,FIN-034-Payroll-Automation,fin-034-payroll-automation,https://github.com/Worldwidebro/fin-034-payroll-automation,✅,—,,,UNASSESSED,matched,financial,t7_registry
venture,FIN-035,,worldwidebro/insurance-underwriting-ai,—,—,,,UNASSESSED,no_repo_t7,financial,t7_registry
venture,FIN-035-Insurance-Underwriting-AI,fin-035-insurance-underwriting-ai,https://github.com/Worldwidebro/fin-035-insurance-underwriting-ai,✅,—,,,UNASSESSED,matched,financial,t7_registry
venture,FIN-036,,,—,—,,,UNASSESSED,no_repo_t7,unknown,t7_registry
venture,FIN-036-Arbitrage-Nexus-Platform,fin-036-arbitrage-nexus-platform,https://github.com/Worldwidebro/fin-036-arbitrage-nexus-platform,✅,—,,,UNASSESSED,matched,financial,t7_registry
venture,FS-001-Gym,fs-001-gym,https://github.com/Worldwidebro/fs-001-gym,✅,—,,,UNASSESSED,matched,fitness-sports,t7_registry
venture,FS-002-Boutique-Fitness-Studio,fs-002-boutique-fitness-studio,https://github.com/Worldwidebro/fs-002-boutique-fitness-studio,✅,—,,,UNASSESSED,matched,fitness-sports,t7_registry
venture,FS-003-Personal-Training-Studio,fs-003-personal-training-studio,https://github.com/Worldwidebro/fs-003-personal-training-studio,✅,—,,,UNASSESSED,matched,fitness-sports,t7_registry
venture,FS-004-Women-Only-Gym,fs-004-women-only-gym,https://github.com/Worldwidebro/fs-004-women-only-gym,✅,—,,,UNASSESSED,matched,fitness-sports,t7_registry
venture,FS-005-Boxing-Gym,fs-005-boxing-gym,https://github.com/Worldwidebro/fs-005-boxing-gym,✅,—,,,UNASSESSED,matched,fitness-sports,t7_registry
venture,FS-006-CrossFit-Gym,fs-006-crossfit-gym,https://github.com/Worldwidebro/fs-006-crossfit-gym,✅,—,,,UNASSESSED,matched,fitness-sports,t7_registry
venture,FS-007-Luxury-Fitness-Club,fs-007-luxury-fitness-club,https://github.com/Worldwidebro/fs-007-luxury-fitness-club,✅,—,,,UNASSESSED,matched,fitness-sports,t7_registry
venture,FS-008-Online-Coaching,fs-008-online-coaching,https://github.com/Worldwidebro/fs-008-online-coaching,✅,—,,,UNASSESSED,matched,fitness-sports,t7_registry
venture,FS-009-Personal-Trainer-Business,fs-009-personal-trainer-business,https://github.com/Worldwidebro/fs-009-personal-trainer-business,✅,—,,,UNASSESSED,matched,fitness-sports,t7_registry
venture,FS-010-Transformation-Program,fs-010-transformation-program,https://github.com/Worldwidebro/fs-010-transformation-program,✅,—,,,UNASSESSED,matched,fitness-sports,t7_registry
venture,FS-011-Athlete-Training-Company,fs-011-athlete-training-company,https://github.com/Worldwidebro/fs-011-athlete-training-company,✅,—,,,UNASSESSED,matched,fitness-sports,t7_registry
venture,FS-012-Supplement-Brand,fs-012-supplement-brand,https://github.com/Worldwidebro/fs-012-supplement-brand,✅,—,,,UNASSESSED,matched,fitness-sports,t7_registry
venture,FS-013-Fitness-Apparel,fs-013-fitness-apparel,https://github.com/Worldwidebro/fs-013-fitness-apparel,✅,—,,,UNASSESSED,matched,fitness-sports,t7_registry
venture,FS-014-Workout-Equipment-Brand,fs-014-workout-equipment-brand,https://github.com/Worldwidebro/fs-014-workout-equipment-brand,✅,—,,,UNASSESSED,matched,fitness-sports,t7_registry
venture,FS-015-Recovery-Products,fs-015-recovery-products,https://github.com/Worldwidebro/fs-015-recovery-products,✅,—,,,UNASSESSED,matched,fitness-sports,t7_registry
venture,FS-016-Fitness-App,fs-016-fitness-app,https://github.com/Worldwidebro/fs-016-fitness-app,✅,—,,,UNASSESSED,matched,fitness-sports,t7_registry
venture,FS-017-AI-Personal-Trainer,fs-017-ai-personal-trainer,https://github.com/Worldwidebro/fs-017-ai-personal-trainer,✅,—,,,UNASSESSED,matched,fitness-sports,t7_registry
venture,FS-018-Gym-Management-Software,fs-018-gym-management-software,https://github.com/Worldwidebro/fs-018-gym-management-software,✅,—,,,UNASSESSED,matched,fitness-sports,t7_registry
venture,FS-019-Wearable-Analytics-Platform,fs-019-wearable-analytics-platform,https://github.com/Worldwidebro/fs-019-wearable-analytics-platform,✅,—,,,UNASSESSED,matched,fitness-sports,t7_registry
venture,FS-020-Yoga-Studio,fs-020-yoga-studio,https://github.com/Worldwidebro/fs-020-yoga-studio,✅,—,,,UNASSESSED,matched,fitness-sports,t7_registry
venture,FS-021-Pilates-Studio,fs-021-pilates-studio,https://github.com/Worldwidebro/fs-021-pilates-studio,✅,—,,,UNASSESSED,matched,fitness-sports,t7_registry
venture,FS-022-Dance-Studio,fs-022-dance-studio,https://github.com/Worldwidebro/fs-022-dance-studio,✅,—,,,UNASSESSED,matched,fitness-sports,t7_registry
venture,FS-023-Martial-Arts-Dojo,fs-023-martial-arts-dojo,https://github.com/Worldwidebro/fs-023-martial-arts-dojo,✅,—,,,UNASSESSED,matched,fitness-sports,t7_registry
venture,FS-024-Sports-Performance-Center,fs-024-sports-performance-center,https://github.com/Worldwidebro/fs-024-sports-performance-center,✅,—,,,UNASSESSED,matched,fitness-sports,t7_registry
venture,FS-025-Corporate-Wellness-Program,fs-025-corporate-wellness-program,https://github.com/Worldwidebro/fs-025-corporate-wellness-program,✅,—,,,UNASSESSED,matched,fitness-sports,t7_registry
venture,LT-001-Truck-Dispatch-Company,lt-001-truck-dispatch-company,https://github.com/Worldwidebro/lt-001-truck-dispatch-company,✅,—,,,UNASSESSED,matched,logistics-transport,t7_registry
venture,LT-002-Freight-Brokerage,lt-002-freight-brokerage,https://github.com/Worldwidebro/lt-002-freight-brokerage,✅,—,,,UNASSESSED,matched,logistics-transport,t7_registry
venture,LT-003-Logistics-Dispatch-Service,lt-003-logistics-dispatch-service,https://github.com/Worldwidebro/lt-003-logistics-dispatch-service,✅,—,,,UNASSESSED,matched,logistics-transport,t7_registry
venture,LT-004-Last-Mile-Delivery-Dispatch,lt-004-last-mile-delivery-dispatch,https://github.com/Worldwidebro/lt-004-last-mile-delivery-dispatch,✅,—,,,UNASSESSED,matched,logistics-transport,t7_registry
venture,LT-005-Medical-Courier-Dispatch,lt-005-medical-courier-dispatch,https://github.com/Worldwidebro/lt-005-medical-courier-dispatch,✅,—,,,UNASSESSED,matched,logistics-transport,t7_registry
venture,LT-006-Amazon,lt-006-amazon,https://github.com/Worldwidebro/lt-006-amazon,✅,—,,,UNASSESSED,matched,logistics-transport,t7_registry
venture,LT-007-Construction-Dispatch,lt-007-construction-dispatch,https://github.com/Worldwidebro/lt-007-construction-dispatch,✅,—,,,UNASSESSED,matched,logistics-transport,t7_registry
venture,LT-008-Towing-Dispatch,lt-008-towing-dispatch,https://github.com/Worldwidebro/lt-008-towing-dispatch,✅,—,,,UNASSESSED,matched,logistics-transport,t7_registry
venture,LT-009-HVAC-Technician-Dispatch,lt-009-hvac-technician-dispatch,https://github.com/Worldwidebro/lt-009-hvac-technician-dispatch,✅,—,,,UNASSESSED,matched,logistics-transport,t7_registry
venture,LT-010-Field-Service-Dispatch,lt-010-field-service-dispatch,https://github.com/Worldwidebro/lt-010-field-service-dispatch,✅,—,,,UNASSESSED,matched,logistics-transport,t7_registry
venture,LT-011-Dispatch-Software,lt-011-dispatch-software,https://github.com/Worldwidebro/lt-011-dispatch-software,✅,—,,,UNASSESSED,matched,logistics-transport,t7_registry
venture,LT-012-Fleet-Tracking-Platform,lt-012-fleet-tracking-platform,https://github.com/Worldwidebro/lt-012-fleet-tracking-platform,✅,—,,,UNASSESSED,matched,logistics-transport,t7_registry
venture,LT-013-Logistics-Automation-System,lt-013-logistics-automation-system,https://github.com/Worldwidebro/lt-013-logistics-automation-system,✅,—,,,UNASSESSED,matched,logistics-transport,t7_registry
venture,LT-014-AI-Route-Optimization,lt-014-ai-route-optimization,https://github.com/Worldwidebro/lt-014-ai-route-optimization,✅,—,,,UNASSESSED,matched,logistics-transport,t7_registry
venture,LT-015-Driver-Management-Platform,lt-015-driver-management-platform,https://github.com/Worldwidebro/lt-015-driver-management-platform,✅,—,,,UNASSESSED,matched,logistics-transport,t7_registry
venture,LT-016-Trucking-Company,lt-016-trucking-company,https://github.com/Worldwidebro/lt-016-trucking-company,✅,—,,,UNASSESSED,matched,logistics-transport,t7_registry
venture,LT-017-Courier-Service,lt-017-courier-service,https://github.com/Worldwidebro/lt-017-courier-service,✅,—,,,UNASSESSED,matched,logistics-transport,t7_registry
venture,LT-018-Local-Delivery-Company,lt-018-local-delivery-company,https://github.com/Worldwidebro/lt-018-local-delivery-company,✅,—,,,UNASSESSED,matched,logistics-transport,t7_registry
venture,LT-019-Moving-Company,lt-019-moving-company,https://github.com/Worldwidebro/lt-019-moving-company,✅,—,,,UNASSESSED,matched,logistics-transport,t7_registry
venture,LT-020-Freight-Company,lt-020-freight-company,https://github.com/Worldwidebro/lt-020-freight-company,✅,—,,,UNASSESSED,matched,logistics-transport,t7_registry
venture,LT-021-Warehouse-Company,lt-021-warehouse-company,https://github.com/Worldwidebro/lt-021-warehouse-company,✅,—,,,UNASSESSED,matched,logistics-transport,t7_registry
venture,LT-022-Fulfillment-Center,lt-022-fulfillment-center,https://github.com/Worldwidebro/lt-022-fulfillment-center,✅,—,,,UNASSESSED,matched,logistics-transport,t7_registry
venture,LT-023-Storage-Business,lt-023-storage-business,https://github.com/Worldwidebro/lt-023-storage-business,✅,—,,,UNASSESSED,matched,logistics-transport,t7_registry
venture,LT-024-Distribution-Company,lt-024-distribution-company,https://github.com/Worldwidebro/lt-024-distribution-company,✅,—,,,UNASSESSED,matched,logistics-transport,t7_registry
venture,LT-025-Logistics-Marketplace,lt-025-logistics-marketplace,https://github.com/Worldwidebro/lt-025-logistics-marketplace,✅,—,,,UNASSESSED,matched,logistics-transport,t7_registry
venture,LT-026-Shipping-Platform,lt-026-shipping-platform,https://github.com/Worldwidebro/lt-026-shipping-platform,✅,—,,,UNASSESSED,matched,logistics-transport,t7_registry
venture,LT-027-Fleet-Management-SaaS,lt-027-fleet-management-saas,https://github.com/Worldwidebro/lt-027-fleet-management-saas,✅,—,,,UNASSESSED,matched,logistics-transport,t7_registry
venture,LT-028-Freight-AI-Optimization,lt-028-freight-ai-optimization,https://github.com/Worldwidebro/lt-028-freight-ai-optimization,✅,—,,,UNASSESSED,matched,logistics-transport,t7_registry
venture,LT-029-Supply-Chain-Analytics,lt-029-supply-chain-analytics,https://github.com/Worldwidebro/lt-029-supply-chain-analytics,✅,—,,,UNASSESSED,matched,logistics-transport,t7_registry
venture,LT-030-Cold-Chain-Logistics,lt-030-cold-chain-logistics,https://github.com/Worldwidebro/lt-030-cold-chain-logistics,✅,—,,,UNASSESSED,matched,logistics-transport,t7_registry
venture,MC-001-YouTube-Channel-Network,mc-001-youtube-channel-network,https://github.com/Worldwidebro/mc-001-youtube-channel-network,✅,—,,,UNASSESSED,matched,media-content,t7_registry
venture,MC-002-Podcast-Network,mc-002-podcast-network,https://github.com/Worldwidebro/mc-002-podcast-network,✅,—,,,UNASSESSED,matched,media-content,t7_registry
venture,MC-003-Blog-Network,mc-003-blog-network,https://github.com/Worldwidebro/mc-003-blog-network,✅,—,,,UNASSESSED,matched,media-content,t7_registry
venture,MC-004-Influencer-Agency,mc-004-influencer-agency,https://github.com/Worldwidebro/mc-004-influencer-agency,✅,—,,,UNASSESSED,matched,media-content,t7_registry
venture,MC-005-Content-Creation-Studio,mc-005-content-creation-studio,https://github.com/Worldwidebro/mc-005-content-creation-studio,✅,—,,,UNASSESSED,matched,media-content,t7_registry
venture,MC-006-Video-Production-Company,mc-006-video-production-company,https://github.com/Worldwidebro/mc-006-video-production-company,✅,—,,,UNASSESSED,matched,media-content,t7_registry
venture,MC-007-Animation-Studio,mc-007-animation-studio,https://github.com/Worldwidebro/mc-007-animation-studio,✅,—,,,UNASSESSED,matched,media-content,t7_registry
venture,MC-008-Music-Production,mc-008-music-production,https://github.com/Worldwidebro/mc-008-music-production,✅,—,,,UNASSESSED,matched,media-content,t7_registry
venture,MC-009-Stock-Photography,mc-009-stock-photography,https://github.com/Worldwidebro/mc-009-stock-photography,✅,—,,,UNASSESSED,matched,media-content,t7_registry
venture,MC-010-Stock-Video,mc-010-stock-video,https://github.com/Worldwidebro/mc-010-stock-video,✅,—,,,UNASSESSED,matched,media-content,t7_registry
venture,MC-011-Online-Magazine,mc-011-online-magazine,https://github.com/Worldwidebro/mc-011-online-magazine,✅,—,,,UNASSESSED,matched,media-content,t7_registry
venture,MC-012-News-Website,mc-012-news-website,https://github.com/Worldwidebro/mc-012-news-website,✅,—,,,UNASSESSED,matched,media-content,t7_registry
venture,MC-013-Streaming-Platform,mc-013-streaming-platform,https://github.com/Worldwidebro/mc-013-streaming-platform,✅,—,,,UNASSESSED,matched,media-content,t7_registry
venture,MC-014-Gaming-Channel,mc-014-gaming-channel,https://github.com/Worldwidebro/mc-014-gaming-channel,✅,—,,,UNASSESSED,matched,media-content,t7_registry
venture,MC-015-Esports-Team,mc-015-esports-team,https://github.com/Worldwidebro/mc-015-esports-team,✅,—,,,UNASSESSED,matched,media-content,t7_registry
venture,MC-016-Virtual-Events-Platform,mc-016-virtual-events-platform,https://github.com/Worldwidebro/mc-016-virtual-events-platform,✅,—,,,UNASSESSED,matched,media-content,t7_registry
venture,MC-017-Online-Course-Platform,mc-017-online-course-platform,https://github.com/Worldwidebro/mc-017-online-course-platform,✅,—,,,UNASSESSED,matched,media-content,t7_registry
venture,MC-018-Membership-Site,mc-018-membership-site,https://github.com/Worldwidebro/mc-018-membership-site,✅,—,,,UNASSESSED,matched,media-content,t7_registry
venture,MC-019-Digital-Download-Store,mc-019-digital-download-store,https://github.com/Worldwidebro/mc-019-digital-download-store,✅,—,,,UNASSESSED,matched,media-content,t7_registry
venture,MC-020-NFT-Marketplace,mc-020-nft-marketplace,https://github.com/Worldwidebro/mc-020-nft-marketplace,✅,—,,,UNASSESSED,matched,media-content,t7_registry
venture,OPS-001,,worldwidebro/process-automation-suite,—,—,,,UNASSESSED,no_repo_t7,operations,t7_registry
venture,OPS-001-Fractional-CTO-Agency,ops-001-fractional-cto-agency,https://github.com/Worldwidebro/ops-001-fractional-cto-agency,✅,—,,,UNASSESSED,matched,operations,t7_registry
venture,OPS-002-Supply-Chain-Optimizer,ops-002-supply-chain-optimizer,https://github.com/Worldwidebro/ops-002-supply-chain-optimizer,✅,—,,,UNASSESSED,matched,operations,t7_registry
venture,OPS-003-Event-Planning-AI,ops-003-event-planning-ai,https://github.com/Worldwidebro/ops-003-event-planning-ai,✅,—,,,UNASSESSED,matched,operations,t7_registry
venture,OPS-004-Inventory-Management-AI,ops-004-inventory-management-ai,https://github.com/Worldwidebro/ops-004-inventory-management-ai,✅,—,,,UNASSESSED,matched,operations,t7_registry
venture,OPS-005-Project-Management-AI,ops-005-project-management-ai,https://github.com/Worldwidebro/ops-005-project-management-ai,✅,—,,,UNASSESSED,matched,operations,t7_registry
venture,OPS-006-Document-Automation-AI,ops-006-document-automation-ai,https://github.com/Worldwidebro/ops-006-document-automation-ai,✅,—,,,UNASSESSED,matched,operations,t7_registry
venture,OPS-007-Meeting-Assistant-AI,ops-007-meeting-assistant-ai,https://github.com/Worldwidebro/ops-007-meeting-assistant-ai,✅,—,,,UNASSESSED,matched,operations,t7_registry
venture,OPS-008-Recruitment-AI,ops-008-recruitment-ai,https://github.com/Worldwidebro/ops-008-recruitment-ai,✅,—,,,UNASSESSED,matched,operations,t7_registry
venture,OPS-009-Onboarding-AI,ops-009-onboarding-ai,https://github.com/Worldwidebro/ops-009-onboarding-ai,✅,—,,,UNASSESSED,matched,operations,t7_registry
venture,OPS-010-Training-Platform-AI,ops-010-training-platform-ai,https://github.com/Worldwidebro/ops-010-training-platform-ai,✅,—,,,UNASSESSED,matched,operations,t7_registry
venture,OPS-011-Performance-Review-AI,ops-011-performance-review-ai,https://github.com/Worldwidebro/ops-011-performance-review-ai,✅,—,,,UNASSESSED,matched,operations,t7_registry
venture,OPS-012-IT-Support-AI,ops-012-it-support-ai,https://github.com/Worldwidebro/ops-012-it-support-ai,✅,—,,,UNASSESSED,matched,operations,t7_registry
venture,OPS-013-Facilities-Management-AI,ops-013-facilities-management-ai,https://github.com/Worldwidebro/ops-013-facilities-management-ai,✅,—,,,UNASSESSED,matched,operations,t7_registry
venture,OPS-014-Travel-Booking-AI,ops-014-travel-booking-ai,https://github.com/Worldwidebro/ops-014-travel-booking-ai,✅,—,,,UNASSESSED,matched,operations,t7_registry
venture,OPS-015-Expense-Management-AI,ops-015-expense-management-ai,https://github.com/Worldwidebro/ops-015-expense-management-ai,✅,—,,,UNASSESSED,matched,operations,t7_registry
venture,OPS-016-Contract-Management-AI,,https://github.com/Worldwidebro/ops-016-contract-management-ai,—,—,,,UNASSESSED,t7_claim_not_in_owned_github,operations,t7_registry
venture,OPS-017-Compliance-Monitoring-AI,,https://github.com/Worldwidebro/ops-017-compliance-monitoring-ai,—,—,,,UNASSESSED,t7_claim_not_in_owned_github,operations,t7_registry
venture,OPS-018-Quality-Control-AI,,https://github.com/Worldwidebro/ops-018-quality-control-ai,—,—,,,UNASSESSED,t7_claim_not_in_owned_github,operations,t7_registry
venture,OPS-019-Asset-Management-AI,,https://github.com/Worldwidebro/ops-019-asset-management-ai,—,—,,,UNASSESSED,t7_claim_not_in_owned_github,operations,t7_registry
venture,OPS-020-Time-Tracking-AI,,https://github.com/Worldwidebro/ops-020-time-tracking-ai,—,—,,,UNASSESSED,t7_claim_not_in_owned_github,operations,t7_registry
venture,OPS-021-Document-Security-AI,,https://github.com/Worldwidebro/ops-021-document-security-ai,—,—,,,UNASSESSED,t7_claim_not_in_owned_github,operations,t7_registry
venture,OPS-022-Knowledge-Management-AI,,https://github.com/Worldwidebro/ops-022-knowledge-management-ai,—,—,,,UNASSESSED,t7_claim_not_in_owned_github,operations,t7_registry
venture,OPS-023-Meeting-Transcription-AI,,https://github.com/Worldwidebro/ops-023-meeting-transcription-ai,—,—,,,UNASSESSED,t7_claim_not_in_owned_github,operations,t7_registry
venture,OPS-024-Task-Automation-AI,,https://github.com/Worldwidebro/ops-024-task-automation-ai,—,—,,,UNASSESSED,t7_claim_not_in_owned_github,operations,t7_registry
venture,OPS-025-Resource-Allocation-AI,,https://github.com/Worldwidebro/ops-025-resource-allocation-ai,—,—,,,UNASSESSED,t7_claim_not_in_owned_github,operations,t7_registry
venture,OPS-026-Budget-Planning-AI,,https://github.com/Worldwidebro/ops-026-budget-planning-ai,—,—,,,UNASSESSED,t7_claim_not_in_owned_github,operations,t7_registry
venture,OPS-027-Cost-Optimization-AI,,https://github.com/Worldwidebro/ops-027-cost-optimization-ai,—,—,,,UNASSESSED,t7_claim_not_in_owned_github,operations,t7_registry
venture,OPS-028-Procurement-AI,,https://github.com/Worldwidebro/ops-028-procurement-ai,—,—,,,UNASSESSED,t7_claim_not_in_owned_github,operations,t7_registry
venture,OPS-029-Vendor-Management-AI,,https://github.com/Worldwidebro/ops-029-vendor-management-ai,—,—,,,UNASSESSED,t7_claim_not_in_owned_github,operations,t7_registry
venture,OPS-030-Contract-Negotiation-AI,,https://github.com/Worldwidebro/ops-030-contract-negotiation-ai,—,—,,,UNASSESSED,t7_claim_not_in_owned_github,operations,t7_registry
venture,OPS-031-Legal-Document-AI,,https://github.com/Worldwidebro/ops-031-legal-document-ai,—,—,,,UNASSESSED,t7_claim_not_in_owned_github,operations,t7_registry
venture,OPS-032-Compliance-Reporting-AI,,https://github.com/Worldwidebro/ops-032-compliance-reporting-ai,—,—,,,UNASSESSED,t7_claim_not_in_owned_github,operations,t7_registry
venture,OPS-033-Training-Content-AI,,https://github.com/Worldwidebro/ops-033-training-content-ai,—,—,,,UNASSESSED,t7_claim_not_in_owned_github,operations,t7_registry
venture,OPS-034-Employee-Engagement-AI,,https://github.com/Worldwidebro/ops-034-employee-engagement-ai,—,—,,,UNASSESSED,t7_claim_not_in_owned_github,operations,t7_registry
venture,OPS-035-Succession-Planning-AI,,https://github.com/Worldwidebro/ops-035-succession-planning-ai,—,—,,,UNASSESSED,t7_claim_not_in_owned_github,operations,t7_registry
venture,OPS-036-Workspace-Design-AI,,https://github.com/Worldwidebro/ops-036-workspace-design-ai,—,—,,,UNASSESSED,t7_claim_not_in_owned_github,operations,t7_registry
venture,OPS-037-Energy-Efficiency-AI,,https://github.com/Worldwidebro/ops-037-energy-efficiency-ai,—,—,,,UNASSESSED,t7_claim_not_in_owned_github,operations,t7_registry
venture,OPS-038-Security-Monitoring-AI,,https://github.com/Worldwidebro/ops-038-security-monitoring-ai,—,—,,,UNASSESSED,t7_claim_not_in_owned_github,operations,t7_registry
venture,OPS-039-Health-Safety-AI,,https://github.com/Worldwidebro/ops-039-health-safety-ai,—,—,,,UNASSESSED,t7_claim_not_in_owned_github,operations,t7_registry
venture,OPS-040-Disaster-Recovery-AI,,https://github.com/Worldwidebro/ops-040-disaster-recovery-ai,—,—,,,UNASSESSED,t7_claim_not_in_owned_github,operations,t7_registry
venture,OPS-041-IT-Asset-Management,,https://github.com/Worldwidebro/ops-041-it-asset-management,—,—,,,UNASSESSED,t7_claim_not_in_owned_github,operations,t7_registry
venture,OPS-042-Cloud-Cost-Management,,https://github.com/Worldwidebro/ops-042-cloud-cost-management,—,—,,,UNASSESSED,t7_claim_not_in_owned_github,operations,t7_registry
venture,OPS-043-Data-Governance-AI,,https://github.com/Worldwidebro/ops-043-data-governance-ai,—,—,,,UNASSESSED,t7_claim_not_in_owned_github,operations,t7_registry
venture,OPS-044-Network-Monitoring-AI,,https://github.com/Worldwidebro/ops-044-network-monitoring-ai,—,—,,,UNASSESSED,t7_claim_not_in_owned_github,operations,t7_registry
venture,OPS-045-Software-Licensing-AI,,https://github.com/Worldwidebro/ops-045-software-licensing-ai,—,—,,,UNASSESSED,t7_claim_not_in_owned_github,operations,t7_registry
venture,OPS-046-IT-Procurement-AI,,https://github.com/Worldwidebro/ops-046-it-procurement-ai,—,—,,,UNASSESSED,t7_claim_not_in_owned_github,operations,t7_registry
venture,OPS-047-System-Integration-AI,,https://github.com/Worldwidebro/ops-047-system-integration-ai,—,—,,,UNASSESSED,t7_claim_not_in_owned_github,operations,t7_registry
venture,OPS-048-Data-Backup-AI,,https://github.com/Worldwidebro/ops-048-data-backup-ai,—,—,,,UNASSESSED,t7_claim_not_in_owned_github,operations,t7_registry
venture,OPS-049-Business-Continuity-AI,,https://github.com/Worldwidebro/ops-049-business-continuity-ai,—,—,,,UNASSESSED,t7_claim_not_in_owned_github,operations,t7_registry
venture,OPS-050-Compliance-Audit-AI,,https://github.com/Worldwidebro/ops-050-compliance-audit-ai,—,—,,,UNASSESSED,t7_claim_not_in_owned_github,operations,t7_registry
venture,OPS-051-Document-Collaboration-AI,,https://github.com/Worldwidebro/ops-051-document-collaboration-ai,—,—,,,UNASSESSED,t7_claim_not_in_owned_github,operations,t7_registry
venture,OPS-052-Video-Conferencing-AI,,https://github.com/Worldwidebro/ops-052-video-conferencing-ai,—,—,,,UNASSESSED,t7_claim_not_in_owned_github,operations,t7_registry
venture,OPS-053-Email-Management-AI,,https://github.com/Worldwidebro/ops-053-email-management-ai,—,—,,,UNASSESSED,t7_claim_not_in_owned_github,operations,t7_registry
venture,OPS-054-Calendar-Optimization-AI,,https://github.com/Worldwidebro/ops-054-calendar-optimization-ai,—,—,,,UNASSESSED,t7_claim_not_in_owned_github,operations,t7_registry
venture,OPS-055-Project-Budget-AI,,https://github.com/Worldwidebro/ops-055-project-budget-ai,—,—,,,UNASSESSED,t7_claim_not_in_owned_github,operations,t7_registry
venture,OPS-056-Resource-Forecasting-AI,,https://github.com/Worldwidebro/ops-056-resource-forecasting-ai,—,—,,,UNASSESSED,t7_claim_not_in_owned_github,operations,t7_registry
venture,OPS-057-Task-Prioritization-AI,,https://github.com/Worldwidebro/ops-057-task-prioritization-ai,—,—,,,UNASSESSED,t7_claim_not_in_owned_github,operations,t7_registry
venture,OPS-058-Time-Management-AI,,https://github.com/Worldwidebro/ops-058-time-management-ai,—,—,,,UNASSESSED,t7_claim_not_in_owned_github,operations,t7_registry
venture,OPS-059-Meeting-Minutes-AI,,https://github.com/Worldwidebro/ops-059-meeting-minutes-ai,—,—,,,UNASSESSED,t7_claim_not_in_owned_github,operations,t7_registry
venture,OPS-060-Document-Translation-AI,,https://github.com/Worldwidebro/ops-060-document-translation-ai,—,—,,,UNASSESSED,t7_claim_not_in_owned_github,operations,t7_registry
venture,OPS-061-Form-Automation-AI,,https://github.com/Worldwidebro/ops-061-form-automation-ai,—,—,,,UNASSESSED,t7_claim_not_in_owned_github,operations,t7_registry
venture,OPS-062-Report-Generation-AI,,https://github.com/Worldwidebro/ops-062-report-generation-ai,—,—,,,UNASSESSED,t7_claim_not_in_owned_github,operations,t7_registry
venture,OPS-063-Dashboard-Creation-AI,,https://github.com/Worldwidebro/ops-063-dashboard-creation-ai,—,—,,,UNASSESSED,t7_claim_not_in_owned_github,operations,t7_registry
venture,OPS-064-Analytics-Platform-AI,,https://github.com/Worldwidebro/ops-064-analytics-platform-ai,—,—,,,UNASSESSED,t7_claim_not_in_owned_github,operations,t7_registry
venture,OPS-065-Data-Cleaning-AI,,https://github.com/Worldwidebro/ops-065-data-cleaning-ai,—,—,,,UNASSESSED,t7_claim_not_in_owned_github,operations,t7_registry
venture,OPS-066-Workflow-Management-AI,,https://github.com/Worldwidebro/ops-066-workflow-management-ai,—,—,,,UNASSESSED,t7_claim_not_in_owned_github,operations,t7_registry
venture,PS-001-Business-Consulting,ps-001-business-consulting,https://github.com/Worldwidebro/ps-001-business-consulting,✅,—,,,UNASSESSED,matched,professional-services,t7_registry
venture,PS-002-Legal-Services,ps-002-legal-services,https://github.com/Worldwidebro/ps-002-legal-services,✅,—,,,UNASSESSED,matched,professional-services,t7_registry
venture,PS-003-Accounting-Services,ps-003-accounting-services,https://github.com/Worldwidebro/ps-003-accounting-services,✅,—,,,UNASSESSED,matched,professional-services,t7_registry
venture,PS-004-HR-Consulting,ps-004-hr-consulting,https://github.com/Worldwidebro/ps-004-hr-consulting,✅,—,,,UNASSESSED,matched,professional-services,t7_registry
venture,PS-005-Marketing-Agency,ps-005-marketing-agency,https://github.com/Worldwidebro/ps-005-marketing-agency,✅,—,,,UNASSESSED,matched,professional-services,t7_registry
venture,PS-006-Web-Design-Agency,ps-006-web-design-agency,https://github.com/Worldwidebro/ps-006-web-design-agency,✅,—,,,UNASSESSED,matched,professional-services,t7_registry
venture,PS-007-IT-Support-Services,ps-007-it-support-services,https://github.com/Worldwidebro/ps-007-it-support-services,✅,—,,,UNASSESSED,matched,professional-services,t7_registry
venture,PS-008-Virtual-Assistant-Service,ps-008-virtual-assistant-service,https://github.com/Worldwidebro/ps-008-virtual-assistant-service,✅,—,,,UNASSESSED,matched,professional-services,t7_registry
venture,PS-009-Bookkeeping-Service,ps-009-bookkeeping-service,https://github.com/Worldwidebro/ps-009-bookkeeping-service,✅,—,,,UNASSESSED,matched,professional-services,t7_registry
venture,PS-010-Tax-Preparation-Service,ps-010-tax-preparation-service,https://github.com/Worldwidebro/ps-010-tax-preparation-service,✅,—,,,UNASSESSED,matched,professional-services,t7_registry
venture,PS-011-Real-Estate-Agency,ps-011-real-estate-agency,https://github.com/Worldwidebro/ps-011-real-estate-agency,✅,—,,,UNASSESSED,matched,professional-services,t7_registry
venture,PS-012-Insurance-Agency,ps-012-insurance-agency,https://github.com/Worldwidebro/ps-012-insurance-agency,✅,—,,,UNASSESSED,matched,professional-services,t7_registry
venture,PS-013-Financial-Planning,,https://github.com/Worldwidebro/ps-013-financial-planning,—,—,,,UNASSESSED,t7_claim_not_in_owned_github,professional-services,t7_registry
venture,PS-014-Event-Planning,,https://github.com/Worldwidebro/ps-014-event-planning,—,—,,,UNASSESSED,t7_claim_not_in_owned_github,professional-services,t7_registry
venture,PS-015-Interior-Design,,https://github.com/Worldwidebro/ps-015-interior-design,—,—,,,UNASSESSED,t7_claim_not_in_owned_github,professional-services,t7_registry
venture,PS-016-Photography-Service,ps-016-photography-service,https://github.com/Worldwidebro/ps-016-photography-service,✅,—,,,UNASSESSED,matched,professional-services,t7_registry
venture,PS-017-Videography-Service,ps-017-videography-service,https://github.com/Worldwidebro/ps-017-videography-service,✅,—,,,UNASSESSED,matched,professional-services,t7_registry
venture,PS-018-Translation-Services,ps-018-translation-services,https://github.com/Worldwidebro/ps-018-translation-services,✅,—,,,UNASSESSED,matched,professional-services,t7_registry
venture,PS-019-Copywriting-Service,ps-019-copywriting-service,https://github.com/Worldwidebro/ps-019-copywriting-service,✅,—,,,UNASSESSED,matched,professional-services,t7_registry
venture,PS-020-Social-Media-Management,ps-020-social-media-management,https://github.com/Worldwidebro/ps-020-social-media-management,✅,—,,,UNASSESSED,matched,professional-services,t7_registry
venture,PS-021-SEO-Agency,ps-021-seo-agency,https://github.com/Worldwidebro/ps-021-seo-agency,✅,—,,,UNASSESSED,matched,professional-services,t7_registry
venture,PS-022-PPC-Management,ps-022-ppc-management,https://github.com/Worldwidebro/ps-022-ppc-management,✅,—,,,UNASSESSED,matched,professional-services,t7_registry
venture,PS-023-PR-Agency,ps-023-pr-agency,https://github.com/Worldwidebro/ps-023-pr-agency,✅,—,,,UNASSESSED,matched,professional-services,t7_registry
venture,PS-024-Recruiting-Agency,ps-024-recruiting-agency,https://github.com/Worldwidebro/ps-024-recruiting-agency,✅,—,,,UNASSESSED,matched,professional-services,t7_registry
venture,PS-025-Business-Brokerage,ps-025-business-brokerage,https://github.com/Worldwidebro/ps-025-business-brokerage,✅,—,,,UNASSESSED,matched,professional-services,t7_registry
venture,SPEC-001-AI-Auction-House,spec-001-ai-auction-house,https://github.com/Worldwidebro/spec-001-ai-auction-house,✅,—,,,UNASSESSED,matched,specialized,t7_registry
venture,SPEC-002-Smart-Marina-Management,,https://github.com/Worldwidebro/spec-002-smart-marina-management,—,—,,,UNASSESSED,t7_claim_not_in_owned_github,specialized,t7_registry
venture,SPEC-003-AI-Surf-Report,,https://github.com/Worldwidebro/spec-003-ai-surf-report,—,—,,,UNASSESSED,t7_claim_not_in_owned_github,specialized,t7_registry
venture,SPEC-004-Private-Chef-AI,,https://github.com/Worldwidebro/spec-004-private-chef-ai,—,—,,,UNASSESSED,t7_claim_not_in_owned_github,specialized,t7_registry
venture,SPEC-005-Virtual-Concierge-AI,,https://github.com/Worldwidebro/spec-005-virtual-concierge-ai,—,—,,,UNASSESSED,t7_claim_not_in_owned_github,specialized,t7_registry
venture,SPEC-006-Smart-Parking-AI,,https://github.com/Worldwidebro/spec-006-smart-parking-ai,—,—,,,UNASSESSED,t7_claim_not_in_owned_github,specialized,t7_registry
venture,SPEC-007-AI-Interior-Design,,https://github.com/Worldwidebro/spec-007-ai-interior-design,—,—,,,UNASSESSED,t7_claim_not_in_owned_github,specialized,t7_registry
venture,SPEC-008-Personal-Stylist-AI,,https://github.com/Worldwidebro/spec-008-personal-stylist-ai,—,—,,,UNASSESSED,t7_claim_not_in_owned_github,specialized,t7_registry
venture,SPEC-009-Smart-Locker-System,,https://github.com/Worldwidebro/spec-009-smart-locker-system,—,—,,,UNASSESSED,t7_claim_not_in_owned_github,specialized,t7_registry
venture,SPEC-010-AI-Fitness-Coach,,https://github.com/Worldwidebro/spec-010-ai-fitness-coach,—,—,,,UNASSESSED,t7_claim_not_in_owned_github,specialized,t7_registry
venture,SPEC-011-Smart-Golf-Caddie,,https://github.com/Worldwidebro/spec-011-smart-golf-caddie,—,—,,,UNASSESSED,t7_claim_not_in_owned_github,specialized,t7_registry
venture,SPEC-012-AI-Nutritionist,,https://github.com/Worldwidebro/spec-012-ai-nutritionist,—,—,,,UNASSESSED,t7_claim_not_in_owned_github,specialized,t7_registry
venture,SPEC-013-Smart-Hotel-Butler,,https://github.com/Worldwidebro/spec-013-smart-hotel-butler,—,—,,,UNASSESSED,t7_claim_not_in_owned_github,specialized,t7_registry
venture,SPEC-014-AI-Language-Tutor,,https://github.com/Worldwidebro/spec-014-ai-language-tutor,—,—,,,UNASSESSED,t7_claim_not_in_owned_github,specialized,t7_registry
venture,SPEC-015-Smart-Transportation-AI,,https://github.com/Worldwidebro/spec-015-smart-transportation-ai,—,—,,,UNASSESSED,t7_claim_not_in_owned_github,specialized,t7_registry
venture,SPEC-016-AI-Travel-Planner,,https://github.com/Worldwidebro/spec-016-ai-travel-planner,—,—,,,UNASSESSED,t7_claim_not_in_owned_github,specialized,t7_registry
venture,SPEC-017-Smart-Agriculture-AI,spec-017-smart-agriculture-ai,https://github.com/Worldwidebro/spec-017-smart-agriculture-ai,✅,—,,,UNASSESSED,matched,specialized,t7_registry
venture,SPEC-018-AI-Personal-Shopper,spec-018-ai-personal-shopper,https://github.com/Worldwidebro/spec-018-ai-personal-shopper,✅,—,,,UNASSESSED,matched,specialized,t7_registry
venture,SPEC-019-Smart-Home-Security,spec-019-smart-home-security,https://github.com/Worldwidebro/spec-019-smart-home-security,✅,—,,,UNASSESSED,matched,specialized,t7_registry
venture,SPEC-020-AI-Music-Producer,,https://github.com/Worldwidebro/spec-020-ai-music-producer,—,—,,,UNASSESSED,t7_claim_not_in_owned_github,specialized,t7_registry
venture,SPEC-021-Smart-Restaurant-AI,,https://github.com/Worldwidebro/spec-021-smart-restaurant-ai,—,—,,,UNASSESSED,t7_claim_not_in_owned_github,specialized,t7_registry
venture,SPEC-022-AI-Movie-Critic,,https://github.com/Worldwidebro/spec-022-ai-movie-critic,—,—,,,UNASSESSED,t7_claim_not_in_owned_github,specialized,t7_registry
venture,SPEC-023-Smart-Museum-Guide,,https://github.com/Worldwidebro/spec-023-smart-museum-guide,—,—,,,UNASSESSED,t7_claim_not_in_owned_github,specialized,t7_registry
venture,SPEC-024-AI-Sports-Analyst,,https://github.com/Worldwidebro/spec-024-ai-sports-analyst,—,—,,,UNASSESSED,t7_claim_not_in_owned_github,specialized,t7_registry
venture,SPEC-025-Smart-Library-AI,,https://github.com/Worldwidebro/spec-025-smart-library-ai,—,—,,,UNASSESSED,t7_claim_not_in_owned_github,specialized,t7_registry
venture,SPEC-026-AI-Art-Curator,,https://github.com/Worldwidebro/spec-026-ai-art-curator,—,—,,,UNASSESSED,t7_claim_not_in_owned_github,specialized,t7_registry
venture,SPEC-027-Smart-Fitness-AI,,https://github.com/Worldwidebro/spec-027-smart-fitness-ai,—,—,,,UNASSESSED,t7_claim_not_in_owned_github,specialized,t7_registry
venture,SPEC-028-AI-Poetry-Generator,,https://github.com/Worldwidebro/spec-028-ai-poetry-generator,—,—,,,UNASSESSED,t7_claim_not_in_owned_github,specialized,t7_registry
venture,SPEC-029-Smart-Dating-AI,,https://github.com/Worldwidebro/spec-029-smart-dating-ai,—,—,,,UNASSESSED,t7_claim_not_in_owned_github,specialized,t7_registry
venture,SPEC-030-AI-Journalism-Tool,,https://github.com/Worldwidebro/spec-030-ai-journalism-tool,—,—,,,UNASSESSED,t7_claim_not_in_owned_github,specialized,t7_registry
venture,SPEC-031-Smart-Legal-AI,,https://github.com/Worldwidebro/spec-031-smart-legal-ai,—,—,,,UNASSESSED,t7_claim_not_in_owned_github,specialized,t7_registry
venture,SPEC-032-AI-Game-Designer,,https://github.com/Worldwidebro/spec-032-ai-game-designer,—,—,,,UNASSESSED,t7_claim_not_in_owned_github,specialized,t7_registry
venture,SPEC-033-Smart-Real-Estate-AI,,https://github.com/Worldwidebro/spec-033-smart-real-estate-ai,—,—,,,UNASSESSED,t7_claim_not_in_owned_github,specialized,t7_registry
venture,SPEC-034-AI-Cooking-Assistant,,https://github.com/Worldwidebro/spec-034-ai-cooking-assistant,—,—,,,UNASSESSED,t7_claim_not_in_owned_github,specialized,t7_registry
venture,SPEC-035-Smart-Health-AI,,https://github.com/Worldwidebro/spec-035-smart-health-ai,—,—,,,UNASSESSED,t7_claim_not_in_owned_github,specialized,t7_registry
venture,SPEC-036-AI-Photography-Tool,,https://github.com/Worldwidebro/spec-036-ai-photography-tool,—,—,,,UNASSESSED,t7_claim_not_in_owned_github,specialized,t7_registry
venture,SPEC-037-Smart-Writing-AI,,https://github.com/Worldwidebro/spec-037-smart-writing-ai,—,—,,,UNASSESSED,t7_claim_not_in_owned_github,specialized,t7_registry
venture,SPEC-038-AI-Comedy-Writer,spec-038-ai-comedy-writer,https://github.com/Worldwidebro/spec-038-ai-comedy-writer,✅,—,,,UNASSESSED,matched,specialized,t7_registry
venture,SPEC-039-Smart-Meditation-AI,,https://github.com/Worldwidebro/spec-039-smart-meditation-ai,—,—,,,UNASSESSED,t7_claim_not_in_owned_github,specialized,t7_registry
venture,SPEC-040-AI-Debate-Coach,,https://github.com/Worldwidebro/spec-040-ai-debate-coach,—,—,,,UNASSESSED,t7_claim_not_in_owned_github,specialized,t7_registry
venture,SPEC-041-Smart-Parenting-AI,,https://github.com/Worldwidebro/spec-041-smart-parenting-ai,—,—,,,UNASSESSED,t7_claim_not_in_owned_github,specialized,t7_registry
venture,SPEC-042-AI-Financial-Advisor,,https://github.com/Worldwidebro/spec-042-ai-financial-advisor,—,—,,,UNASSESSED,t7_claim_not_in_owned_github,specialized,t7_registry
venture,SPEC-043-Smart-Automotive-AI,,https://github.com/Worldwidebro/spec-043-smart-automotive-ai,—,—,,,UNASSESSED,t7_claim_not_in_owned_github,specialized,t7_registry
venture,SPEC-044-AI-Aviation-Planner,,https://github.com/Worldwidebro/spec-044-ai-aviation-planner,—,—,,,UNASSESSED,t7_claim_not_in_owned_github,specialized,t7_registry
venture,SPEC-045-Smart-Maritime-AI,,https://github.com/Worldwidebro/spec-045-smart-maritime-ai,—,—,,,UNASSESSED,t7_claim_not_in_owned_github,specialized,t7_registry
venture,SPEC-046-AI-Weather-Forecast,,https://github.com/Worldwidebro/spec-046-ai-weather-forecast,—,—,,,UNASSESSED,t7_claim_not_in_owned_github,specialized,t7_registry
venture,SPEC-047-Smart-Energy-AI,,https://github.com/Worldwidebro/spec-047-smart-energy-ai,—,—,,,UNASSESSED,t7_claim_not_in_owned_github,specialized,t7_registry
venture,SPEC-048-AI-Sports-Coach,,https://github.com/Worldwidebro/spec-048-ai-sports-coach,—,—,,,UNASSESSED,t7_claim_not_in_owned_github,specialized,t7_registry
venture,SPEC-049-Smart-Education-AI,,https://github.com/Worldwidebro/spec-049-smart-education-ai,—,—,,,UNASSESSED,t7_claim_not_in_owned_github,specialized,t7_registry
venture,SPEC-050-AI-Language-Translator,,https://github.com/Worldwidebro/spec-050-ai-language-translator,—,—,,,UNASSESSED,t7_claim_not_in_owned_github,specialized,t7_registry
venture,ST-001-SaaS-Platform,,https://github.com/Worldwidebro/st-001-saas-platform,—,—,,,UNASSESSED,t7_claim_not_in_owned_github,software-technology,t7_registry
venture,ST-002-Mobile-App-Development,,https://github.com/Worldwidebro/st-002-mobile-app-development,—,—,,,UNASSESSED,t7_claim_not_in_owned_github,software-technology,t7_registry
venture,ST-003-Web-Development-Agency,,https://github.com/Worldwidebro/st-003-web-development-agency,—,—,,,UNASSESSED,t7_claim_not_in_owned_github,software-technology,t7_registry
venture,ST-004-Custom-Software-Development,,https://github.com/Worldwidebro/st-004-custom-software-development,—,—,,,UNASSESSED,t7_claim_not_in_owned_github,software-technology,t7_registry
venture,ST-005-API-Development,,https://github.com/Worldwidebro/st-005-api-development,—,—,,,UNASSESSED,t7_claim_not_in_owned_github,software-technology,t7_registry
venture,ST-006-Cloud-Infrastructure,,https://github.com/Worldwidebro/st-006-cloud-infrastructure,—,—,,,UNASSESSED,t7_claim_not_in_owned_github,software-technology,t7_registry
venture,ST-007-DevOps-Consulting,,https://github.com/Worldwidebro/st-007-devops-consulting,—,—,,,UNASSESSED,t7_claim_not_in_owned_github,software-technology,t7_registry
venture,ST-008-Cybersecurity-Service,,https://github.com/Worldwidebro/st-008-cybersecurity-service,—,—,,,UNASSESSED,t7_claim_not_in_owned_github,software-technology,t7_registry
venture,ST-009-Data-Analytics-Platform,,https://github.com/Worldwidebro/st-009-data-analytics-platform,—,—,,,UNASSESSED,t7_claim_not_in_owned_github,software-technology,t7_registry
venture,ST-010-Business-Intelligence-Tool,,https://github.com/Worldwidebro/st-010-business-intelligence-tool,—,—,,,UNASSESSED,t7_claim_not_in_owned_github,software-technology,t7_registry
venture,ST-011-CRM-Platform,,https://github.com/Worldwidebro/st-011-crm-platform,—,—,,,UNASSESSED,t7_claim_not_in_owned_github,software-technology,t7_registry
venture,ST-012-Project-Management-Tool,,https://github.com/Worldwidebro/st-012-project-management-tool,—,—,,,UNASSESSED,t7_claim_not_in_owned_github,software-technology,t7_registry
venture,ST-013-Communication-Platform,,https://github.com/Worldwidebro/st-013-communication-platform,—,—,,,UNASSESSED,t7_claim_not_in_owned_github,software-technology,t7_registry
venture,ST-014-Collaboration-Software,,https://github.com/Worldwidebro/st-014-collaboration-software,—,—,,,UNASSESSED,t7_claim_not_in_owned_github,software-technology,t7_registry
venture,ST-015-Automation-Platform,,https://github.com/Worldwidebro/st-015-automation-platform,—,—,,,UNASSESSED,t7_claim_not_in_owned_github,software-technology,t7_registry
venture,ST-016-AI,,https://github.com/Worldwidebro/st-016-ai,—,—,,,UNASSESSED,t7_claim_not_in_owned_github,software-technology,t7_registry
venture,ST-017-Chatbot-Builder,,https://github.com/Worldwidebro/st-017-chatbot-builder,—,—,,,UNASSESSED,t7_claim_not_in_owned_github,software-technology,t7_registry
venture,ST-018-E-commerce-Platform,,https://github.com/Worldwidebro/st-018-e-commerce-platform,—,—,,,UNASSESSED,t7_claim_not_in_owned_github,software-technology,t7_registry
venture,ST-019-Payment-Processing,,https://github.com/Worldwidebro/st-019-payment-processing,—,—,,,UNASSESSED,t7_claim_not_in_owned_github,software-technology,t7_registry
venture,ST-020-Blockchain-Platform,,https://github.com/Worldwidebro/st-020-blockchain-platform,—,—,,,UNASSESSED,t7_claim_not_in_owned_github,software-technology,t7_registry
venture,ST-021-IoT-Platform,,https://github.com/Worldwidebro/st-021-iot-platform,—,—,,,UNASSESSED,t7_claim_not_in_owned_github,software-technology,t7_registry
venture,ST-022-AR,,https://github.com/Worldwidebro/st-022-ar,—,—,,,UNASSESSED,t7_claim_not_in_owned_github,software-technology,t7_registry
venture,ST-023-Game-Development,,https://github.com/Worldwidebro/st-023-game-development,—,—,,,UNASSESSED,t7_claim_not_in_owned_github,software-technology,t7_registry
venture,ST-024-Marketing-Automation,,https://github.com/Worldwidebro/st-024-marketing-automation,—,—,,,UNASSESSED,t7_claim_not_in_owned_github,software-technology,t7_registry
venture,ST-025-Sales-Automation,,https://github.com/Worldwidebro/st-025-sales-automation,—,—,,,UNASSESSED,t7_claim_not_in_owned_github,software-technology,t7_registry
venture,ST-026-HR-Tech-Platform,,https://github.com/Worldwidebro/st-026-hr-tech-platform,—,—,,,UNASSESSED,t7_claim_not_in_owned_github,software-technology,t7_registry
venture,ST-027-Legal-Tech-Platform,,https://github.com/Worldwidebro/st-027-legal-tech-platform,—,—,,,UNASSESSED,t7_claim_not_in_owned_github,software-technology,t7_registry
venture,ST-028-Health-Tech-Platform,,https://github.com/Worldwidebro/st-028-health-tech-platform,—,—,,,UNASSESSED,t7_claim_not_in_owned_github,software-technology,t7_registry
venture,ST-029-EdTech-Platform,,https://github.com/Worldwidebro/st-029-edtech-platform,—,—,,,UNASSESSED,t7_claim_not_in_owned_github,software-technology,t7_registry
venture,ST-030-PropTech-Platform,,https://github.com/Worldwidebro/st-030-proptech-platform,—,—,,,UNASSESSED,t7_claim_not_in_owned_github,software-technology,t7_registry
venture,TECH-001,,worldwidebro/shopify-autopilot,—,—,,,UNASSESSED,no_repo_t7,technology,t7_registry
venture,TECH-001-Quantum-Algorithm-AI,tech-001-quantum-algorithm-ai,https://github.com/Worldwidebro/tech-001-quantum-algorithm-ai,✅,—,,,UNASSESSED,matched,technology,t7_registry
venture,TECH-002-AI-Compliance-Scanner,tech-002-ai-compliance-scanner,https://github.com/Worldwidebro/tech-002-ai-compliance-scanner,✅,—,,,UNASSESSED,matched,technology,t7_registry
venture,TECH-003-Cloud-Management-AI,tech-003-cloud-management-ai,https://github.com/Worldwidebro/tech-003-cloud-management-ai,✅,—,,,UNASSESSED,matched,technology,t7_registry
venture,TECH-004-Robotics-Training-AI,tech-004-robotics-training-ai,https://github.com/Worldwidebro/tech-004-robotics-training-ai,✅,—,,,UNASSESSED,matched,technology,t7_registry
venture,TECH-005-Customer-Insights-AI,tech-005-customer-insights-ai,https://github.com/Worldwidebro/tech-005-customer-insights-ai,✅,—,,,UNASSESSED,matched,technology,t7_registry
venture,TECH-006-Voice-Assistant-AI,tech-006-voice-assistant-ai,https://github.com/Worldwidebro/tech-006-voice-assistant-ai,✅,—,,,UNASSESSED,matched,technology,t7_registry
venture,TECH-007-Blockchain-Verifier-AI,tech-007-blockchain-verifier-ai,https://github.com/Worldwidebro/tech-007-blockchain-verifier-ai,✅,—,,,UNASSESSED,matched,technology,t7_registry
venture,TECH-008-Cybersecurity-Shield,,https://github.com/Worldwidebro/tech-008-cybersecurity-shield,—,—,,,UNASSESSED,t7_claim_not_in_owned_github,technology,t7_registry
venture,TECH-009-Content-Studio-AI,tech-009-content-studio-ai,https://github.com/Worldwidebro/tech-009-content-studio-ai,✅,—,,,UNASSESSED,matched,technology,t7_registry
venture,TECH-010-Smart-Home-AI,tech-010-smart-home-ai,https://github.com/Worldwidebro/tech-010-smart-home-ai,✅,—,,,UNASSESSED,matched,technology,t7_registry
venture,TECH-011-Supply-Chain-Optimizer,tech-011-supply-chain-optimizer,https://github.com/Worldwidebro/tech-011-supply-chain-optimizer,✅,—,,,UNASSESSED,matched,technology,t7_registry
venture,TECH-012-Data-Visualization-AI,tech-012-data-visualization-ai,https://github.com/Worldwidebro/tech-012-data-visualization-ai,✅,—,,,UNASSESSED,matched,technology,t7_registry
venture,TECH-013-Workflow-Automation,tech-013-workflow-automation,https://github.com/Worldwidebro/tech-013-workflow-automation,✅,—,,,UNASSESSED,matched,technology,t7_registry
venture,TECH-014-Sentiment-Analyzer,tech-014-sentiment-analyzer,https://github.com/Worldwidebro/tech-014-sentiment-analyzer,✅,—,,,UNASSESSED,matched,technology,t7_registry
venture,TECH-015-Image-Recognition-AI,tech-015-image-recognition-ai,https://github.com/Worldwidebro/tech-015-image-recognition-ai,✅,—,,,UNASSESSED,matched,technology,t7_registry
venture,TECH-016-Video-Editor-AI,tech-016-video-editor-ai,https://github.com/Worldwidebro/tech-016-video-editor-ai,✅,—,,,UNASSESSED,matched,technology,t7_registry
venture,TECH-017-Speech-to-Text-AI,tech-017-speech-to-text-ai,https://github.com/Worldwidebro/tech-017-speech-to-text-ai,✅,—,,,UNASSESSED,matched,technology,t7_registry
venture,TECH-018-Text-to-Speech-AI,tech-018-text-to-speech-ai,https://github.com/Worldwidebro/tech-018-text-to-speech-ai,✅,—,,,UNASSESSED,matched,technology,t7_registry
venture,TECH-019-Fraud-Prevention-AI,,https://github.com/Worldwidebro/tech-019-fraud-prevention-ai,—,—,,,UNASSESSED,t7_claim_not_in_owned_github,technology,t7_registry
venture,TECH-020-Recommendation-Engine,tech-020-recommendation-engine,https://github.com/Worldwidebro/tech-020-recommendation-engine,✅,—,,,UNASSESSED,matched,technology,t7_registry
venture,TECH-021-Network-Security-AI,tech-021-network-security-ai,https://github.com/Worldwidebro/tech-021-network-security-ai,✅,—,,,UNASSESSED,matched,technology,t7_registry
venture,TECH-022-Database-Optimizer,tech-022-database-optimizer,https://github.com/Worldwidebro/tech-022-database-optimizer,✅,—,,,UNASSESSED,matched,technology,t7_registry
venture,TECH-023-AI-Testing-Platform,tech-023-ai-testing-platform,https://github.com/Worldwidebro/tech-023-ai-testing-platform,✅,—,,,UNASSESSED,matched,technology,t7_registry
venture,TECH-024-Virtual-Assistant-Builder,tech-024-virtual-assistant-builder,https://github.com/Worldwidebro/tech-024-virtual-assistant-builder,✅,—,,,UNASSESSED,matched,technology,t7_registry
venture,TECH-025-Machine-Learning-Builder,tech-025-machine-learning-builder,https://github.com/Worldwidebro/tech-025-machine-learning-builder,✅,—,,,UNASSESSED,matched,technology,t7_registry
venture,TECH-026-AI-Ethics-Auditor,tech-026-ai-ethics-auditor,https://github.com/Worldwidebro/tech-026-ai-ethics-auditor,✅,—,,,UNASSESSED,matched,technology,t7_registry
venture,TECH-027-Predictive-Analytics-AI,tech-027-predictive-analytics-ai,https://github.com/Worldwidebro/tech-027-predictive-analytics-ai,✅,—,,,UNASSESSED,matched,technology,t7_registry
venture,TECH-028-AI-Training-Platform,tech-028-ai-training-platform,https://github.com/Worldwidebro/tech-028-ai-training-platform,✅,—,,,UNASSESSED,matched,technology,t7_registry
venture,TECH-029-Digital-Twin-AI,tech-029-digital-twin-ai,https://github.com/Worldwidebro/tech-029-digital-twin-ai,✅,—,,,UNASSESSED,matched,technology,t7_registry
venture,TECH-030-AI-Monitoring-System,tech-030-ai-monitoring-system,https://github.com/Worldwidebro/tech-030-ai-monitoring-system,✅,—,,,UNASSESSED,matched,technology,t7_registry
venture,TECH-031-Edge-Computing-AI,tech-031-edge-computing-ai,https://github.com/Worldwidebro/tech-031-edge-computing-ai,✅,—,,,UNASSESSED,matched,technology,t7_registry
venture,TECH-032-AI-Integration-Hub,tech-032-ai-integration-hub,https://github.com/Worldwidebro/tech-032-ai-integration-hub,✅,—,,,UNASSESSED,matched,technology,t7_registry
venture,TECH-033-Quantum-Algorithm-AI,tech-033-quantum-algorithm-ai,https://github.com/Worldwidebro/tech-033-quantum-algorithm-ai,✅,—,,,UNASSESSED,matched,technology,t7_registry
venture,TECH-034-AI-Compliance-Scanner,tech-034-ai-compliance-scanner,https://github.com/Worldwidebro/tech-034-ai-compliance-scanner,✅,—,,,UNASSESSED,matched,technology,t7_registry
venture,TECH-035-Cloud-Management-AI,tech-035-cloud-management-ai,https://github.com/Worldwidebro/tech-035-cloud-management-ai,✅,—,,,UNASSESSED,matched,technology,t7_registry
venture,TECH-036-Robotics-Training-AI,,https://github.com/Worldwidebro/tech-036-robotics-training-ai,—,—,,,UNASSESSED,t7_claim_not_in_owned_github,technology,t7_registry
venture,TECH-037-Customer-Insights-AI,tech-037-customer-insights-ai,https://github.com/Worldwidebro/tech-037-customer-insights-ai,✅,—,,,UNASSESSED,matched,technology,t7_registry
venture,TECH-038-Voice-Assistant-AI,tech-038-voice-assistant-ai,https://github.com/Worldwidebro/tech-038-voice-assistant-ai,✅,—,,,UNASSESSED,matched,technology,t7_registry
venture,TECH-039-Blockchain-Verifier-AI,tech-039-blockchain-verifier-ai,https://github.com/Worldwidebro/tech-039-blockchain-verifier-ai,✅,—,,,UNASSESSED,matched,technology,t7_registry
venture,TECH-040-Cybersecurity-Shield,tech-040-cybersecurity-shield,https://github.com/Worldwidebro/tech-040-cybersecurity-shield,✅,—,,,UNASSESSED,matched,technology,t7_registry
venture,TECH-041-Content-Studio-AI,tech-041-content-studio-ai,https://github.com/Worldwidebro/tech-041-content-studio-ai,✅,—,,,UNASSESSED,matched,technology,t7_registry
venture,TECH-042-Smart-Home-AI,tech-042-smart-home-ai,https://github.com/Worldwidebro/tech-042-smart-home-ai,✅,—,,,UNASSESSED,matched,technology,t7_registry
venture,TECH-043-Supply-Chain-Optimizer,tech-043-supply-chain-optimizer,https://github.com/Worldwidebro/tech-043-supply-chain-optimizer,✅,—,,,UNASSESSED,matched,technology,t7_registry
venture,TECH-044-Data-Visualization-AI,tech-044-data-visualization-ai,https://github.com/Worldwidebro/tech-044-data-visualization-ai,✅,—,,,UNASSESSED,matched,technology,t7_registry
venture,TECH-045-Workflow-Automation,tech-045-workflow-automation,https://github.com/Worldwidebro/tech-045-workflow-automation,✅,—,,,UNASSESSED,matched,technology,t7_registry
venture,TECH-046-Sentiment-Analyzer,tech-046-sentiment-analyzer,https://github.com/Worldwidebro/tech-046-sentiment-analyzer,✅,—,,,UNASSESSED,matched,technology,t7_registry
venture,TECH-047-Image-Recognition-AI,tech-047-image-recognition-ai,https://github.com/Worldwidebro/tech-047-image-recognition-ai,✅,—,,,UNASSESSED,matched,technology,t7_registry
venture,TECH-048-Video-Editor-AI,tech-048-video-editor-ai,https://github.com/Worldwidebro/tech-048-video-editor-ai,✅,—,,,UNASSESSED,matched,technology,t7_registry
venture,TECH-049-Speech-to-Text-AI,tech-049-speech-to-text-ai,https://github.com/Worldwidebro/tech-049-speech-to-text-ai,✅,—,,,UNASSESSED,matched,technology,t7_registry
venture,TECH-050-Text-to-Speech-AI,,https://github.com/Worldwidebro/tech-050-text-to-speech-ai,—,—,,,UNASSESSED,t7_claim_not_in_owned_github,technology,t7_registry
venture,TECH-051-Fraud-Prevention-AI,tech-051-fraud-prevention-ai,https://github.com/Worldwidebro/tech-051-fraud-prevention-ai,✅,—,,,UNASSESSED,matched,technology,t7_registry
venture,TECH-052-Recommendation-Engine,tech-052-recommendation-engine,https://github.com/Worldwidebro/tech-052-recommendation-engine,✅,—,,,UNASSESSED,matched,technology,t7_registry
venture,TECH-053-Network-Security-AI,tech-053-network-security-ai,https://github.com/Worldwidebro/tech-053-network-security-ai,✅,—,,,UNASSESSED,matched,technology,t7_registry
venture,TECH-054-Database-Optimizer,tech-054-database-optimizer,https://github.com/Worldwidebro/tech-054-database-optimizer,✅,—,,,UNASSESSED,matched,technology,t7_registry
venture,TECH-055-AI-Testing-Platform,tech-055-ai-testing-platform,https://github.com/Worldwidebro/tech-055-ai-testing-platform,✅,—,,,UNASSESSED,matched,technology,t7_registry
venture,TECH-056-Virtual-Assistant-Builder,tech-056-virtual-assistant-builder,https://github.com/Worldwidebro/tech-056-virtual-assistant-builder,✅,—,,,UNASSESSED,matched,technology,t7_registry
venture,TECH-057-Machine-Learning-Builder,tech-057-machine-learning-builder,https://github.com/Worldwidebro/tech-057-machine-learning-builder,✅,—,,,UNASSESSED,matched,technology,t7_registry
venture,TECH-058-AI-Ethics-Auditor,tech-058-ai-ethics-auditor,https://github.com/Worldwidebro/tech-058-ai-ethics-auditor,✅,—,,,UNASSESSED,matched,technology,t7_registry
venture,TECH-059-Predictive-Analytics-AI,tech-059-predictive-analytics-ai,https://github.com/Worldwidebro/tech-059-predictive-analytics-ai,✅,—,,,UNASSESSED,matched,technology,t7_registry
venture,TECH-060-AI-Training-Platform,tech-060-ai-training-platform,https://github.com/Worldwidebro/tech-060-ai-training-platform,✅,—,,,UNASSESSED,matched,technology,t7_registry
venture,venture:COMM-001,,,—,—,,,UNASSESSED,no_repo_t7,unknown,t7_registry
venture,venture:EC-001,,,—,—,,,UNASSESSED,no_repo_t7,unknown,t7_registry
venture,venture:EC-002,,,—,—,,,UNASSESSED,no_repo_t7,unknown,t7_registry
venture,venture:EC-003,,,—,—,,,UNASSESSED,no_repo_t7,unknown,t7_registry
venture,venture:EC-004,,,—,—,,,UNASSESSED,no_repo_t7,unknown,t7_registry
venture,venture:EC-005,,,—,—,,,UNASSESSED,no_repo_t7,unknown,t7_registry
venture,venture:EC-006,,,—,—,,,UNASSESSED,no_repo_t7,unknown,t7_registry
venture,venture:EC-007,,,—,—,,,UNASSESSED,no_repo_t7,unknown,t7_registry
venture,venture:EC-008,,,—,—,,,UNASSESSED,no_repo_t7,unknown,t7_registry
venture,venture:EC-009,,,—,—,,,UNASSESSED,no_repo_t7,unknown,t7_registry
venture,venture:EC-010,,,—,—,,,UNASSESSED,no_repo_t7,unknown,t7_registry
venture,venture:EDU-001,,,—,—,,,UNASSESSED,no_repo_t7,unknown,t7_registry
venture,venture:EM-001,,,—,—,,,UNASSESSED,no_repo_t7,unknown,t7_registry
venture,venture:FIN-001,,,—,—,,,UNASSESSED,no_repo_t7,unknown,t7_registry
venture,venture:FIN-002,,,—,—,,,UNASSESSED,no_repo_t7,unknown,t7_registry
venture,venture:FIN-003,,,—,—,,,UNASSESSED,no_repo_t7,unknown,t7_registry
venture,venture:FIN-004,,,—,—,,,UNASSESSED,no_repo_t7,unknown,t7_registry
venture,venture:FIN-005,,,—,—,,,UNASSESSED,no_repo_t7,unknown,t7_registry
venture,venture:FIN-006,,,—,—,,,UNASSESSED,no_repo_t7,unknown,t7_registry
venture,venture:FIN-007,,,—,—,,,UNASSESSED,no_repo_t7,unknown,t7_registry
venture,venture:FIN-008,,,—,—,,,UNASSESSED,no_repo_t7,unknown,t7_registry
venture,venture:FIN-009,,,—,—,,,UNASSESSED,no_repo_t7,unknown,t7_registry
venture,venture:FIN-010,,,—,—,,,UNASSESSED,no_repo_t7,unknown,t7_registry
venture,venture:FIN-011,,,—,—,,,UNASSESSED,no_repo_t7,unknown,t7_registry
venture,venture:FIN-012,,,—,—,,,UNASSESSED,no_repo_t7,unknown,t7_registry
venture,venture:FIN-013,,,—,—,,,UNASSESSED,no_repo_t7,unknown,t7_registry
venture,venture:FIN-014,,,—,—,,,UNASSESSED,no_repo_t7,unknown,t7_registry
venture,venture:FIN-015,,,—,—,,,UNASSESSED,no_repo_t7,unknown,t7_registry
venture,venture:FIN-016,,,—,—,,,UNASSESSED,no_repo_t7,unknown,t7_registry
venture,venture:FIN-017,,,—,—,,,UNASSESSED,no_repo_t7,unknown,t7_registry
venture,venture:FIN-018,,,—,—,,,UNASSESSED,no_repo_t7,unknown,t7_registry
venture,venture:FIN-019,,,—,—,,,UNASSESSED,no_repo_t7,unknown,t7_registry
venture,venture:FIN-020,,,—,—,,,UNASSESSED,no_repo_t7,unknown,t7_registry
venture,venture:FIN-021,,,—,—,,,UNASSESSED,no_repo_t7,unknown,t7_registry
venture,venture:FIN-022,,,—,—,,,UNASSESSED,no_repo_t7,unknown,t7_registry
venture,venture:FIN-023,,,—,—,,,UNASSESSED,no_repo_t7,unknown,t7_registry
venture,venture:FIN-024,,,—,—,,,UNASSESSED,no_repo_t7,unknown,t7_registry
venture,venture:FIN-025,,,—,—,,,UNASSESSED,no_repo_t7,unknown,t7_registry
venture,venture:FIN-026,,,—,—,,,UNASSESSED,no_repo_t7,unknown,t7_registry
venture,venture:FIN-027,,,—,—,,,UNASSESSED,no_repo_t7,unknown,t7_registry
venture,venture:FIN-028,,,—,—,,,UNASSESSED,no_repo_t7,unknown,t7_registry
venture,venture:FIN-029,,,—,—,,,UNASSESSED,no_repo_t7,unknown,t7_registry
venture,venture:FIN-030,,,—,—,,,UNASSESSED,no_repo_t7,unknown,t7_registry
venture,venture:FIN-031,,,—,—,,,UNASSESSED,no_repo_t7,unknown,t7_registry
venture,venture:FIN-032,,,—,—,,,UNASSESSED,no_repo_t7,unknown,t7_registry
venture,venture:FIN-033,,,—,—,,,UNASSESSED,no_repo_t7,unknown,t7_registry
venture,venture:FIN-034,,,—,—,,,UNASSESSED,no_repo_t7,unknown,t7_registry
venture,venture:FIN-035,,,—,—,,,UNASSESSED,no_repo_t7,unknown,t7_registry
venture,venture:OPS-001,,,—,—,,,UNASSESSED,no_repo_t7,unknown,t7_registry
venture,venture:TECH-001,,,—,—,,,UNASSESSED,no_repo_t7,unknown,t7_registry
owned_unmapped,,_master-governance,,✅,—,,,UNASSESSED,platform/utility,,github_owned
owned_unmapped,,ace-community-impact-templates,,✅,—,,,UNASSESSED,platform/utility,,github_owned
owned_unmapped,,ace-ecommerce-templates,,✅,—,,,UNASSESSED,platform/utility,,github_owned
owned_unmapped,,acquisition-vehicle-automation,,✅,—,,,UNASSESSED,platform/utility,,github_owned
owned_unmapped,,agency-agents,,✅,—,,,UNASSESSED,platform/utility,,github_owned
owned_unmapped,,ai-001-ai-command-center,,✅,—,,,UNASSESSED,archived,,github_owned
owned_unmapped,,ai-002-api,,✅,—,,,UNASSESSED,archived,,github_owned
owned_unmapped,,ai-002-ml-engine,,✅,—,,,UNASSESSED,archived,,github_owned
owned_unmapped,,ai-002-web-app,,✅,—,,,UNASSESSED,archived,,github_owned
owned_unmapped,,ai-boss-holdings-v4,,✅,—,,,UNASSESSED,platform/utility,,github_owned
owned_unmapped,,ai-business-commander,,✅,—,,,UNASSESSED,unclassified,,github_owned
owned_unmapped,,ai-venture-studio-template,,✅,—,,,UNASSESSED,platform/utility,,github_owned
owned_unmapped,,aibossoslandingpage,,✅,—,,,UNASSESSED,platform/utility,,github_owned
owned_unmapped,,Applyingforjobs,,✅,—,,,UNASSESSED,unclassified,,github_owned
owned_unmapped,,arbitrage-nexus,,✅,—,,,UNASSESSED,platform/utility,,github_owned
owned_unmapped,,autonomous-venture-studio,,✅,—,,,UNASSESSED,platform/utility,,github_owned
owned_unmapped,,avatar-engine,,✅,—,,,UNASSESSED,platform/utility,,github_owned
owned_unmapped,,avs-omni,,✅,—,,,UNASSESSED,platform/utility,,github_owned
owned_unmapped,,Avs-Omni-,,✅,—,,,UNASSESSED,platform/utility,,github_owned
owned_unmapped,,babystepsmatrix1,,✅,—,,,UNASSESSED,unclassified,,github_owned
owned_unmapped,,billionaire-brain-assistant,,✅,—,,,UNASSESSED,unclassified,,github_owned
owned_unmapped,,billionaire-consciousness-empire,,✅,—,,,UNASSESSED,unclassified,,github_owned
owned_unmapped,,billionaire-workflow-automation,,✅,—,,,UNASSESSED,platform/utility,,github_owned
owned_unmapped,,bloom-community-hub,,✅,—,,,UNASSESSED,platform/utility,,github_owned
owned_unmapped,,business-template-marketplace,,✅,—,,,UNASSESSED,platform/utility,,github_owned
owned_unmapped,,bw-001-contracts,,✅,—,,,UNASSESSED,archived,,github_owned
owned_unmapped,,bw-001-up-next,,✅,—,,,UNASSESSED,archived,,github_owned
owned_unmapped,,bw-001-up-next-business,,✅,—,,,UNASSESSED,platform/utility,,github_owned
owned_unmapped,,bw-001-up-next-code,,✅,—,,,UNASSESSED,platform/utility,,github_owned
owned_unmapped,,bw-001-up-next-web,,✅,—,,,UNASSESSED,archived,,github_owned
owned_unmapped,,bw-007-lash-kits---tools,,✅,—,,,UNASSESSED,platform/utility,,github_owned
owned_unmapped,,bw-eroticafox,,✅,—,,,UNASSESSED,unclassified,,github_owned
owned_unmapped,,callitwhatyouwant,,✅,—,,,UNASSESSED,unclassified,,github_owned
owned_unmapped,,capital-orchestrator,,✅,—,,,UNASSESSED,platform/utility,,github_owned
owned_unmapped,,career-ops,,✅,—,,,UNASSESSED,unclassified,,github_owned
owned_unmapped,,civilization-os,,✅,—,,,UNASSESSED,platform/utility,,github_owned
owned_unmapped,,civilization-website,,✅,—,,,UNASSESSED,platform/utility,,github_owned
owned_unmapped,,claude-workflow-demo,,✅,—,,,UNASSESSED,platform/utility,,github_owned
owned_unmapped,,clients,,✅,—,,,UNASSESSED,platform/utility,,github_owned
owned_unmapped,,clip,,✅,—,,,UNASSESSED,platform/utility,,github_owned
owned_unmapped,,con-001-ace-construction,,✅,—,,,UNASSESSED,unclassified,,github_owned
owned_unmapped,,con-002-residential-construction,,✅,—,,,UNASSESSED,unclassified,,github_owned
owned_unmapped,,con-003-commercial-construction,,✅,—,,,UNASSESSED,unclassified,,github_owned
owned_unmapped,,con-004-industrial-construction,,✅,—,,,UNASSESSED,unclassified,,github_owned
owned_unmapped,,con-005-construction-equipment-rental,,✅,—,,,UNASSESSED,unclassified,,github_owned
owned_unmapped,,con-006-construction-project-management,,✅,—,,,UNASSESSED,unclassified,,github_owned
owned_unmapped,,con-007-green-building-services,,✅,—,,,UNASSESSED,unclassified,,github_owned
owned_unmapped,,con-008-home-renovation-services,,✅,—,,,UNASSESSED,unclassified,,github_owned
owned_unmapped,,con-009-roofing-company,,✅,—,,,UNASSESSED,unclassified,,github_owned
owned_unmapped,,con-010-plumbing-services,,✅,—,,,UNASSESSED,unclassified,,github_owned
owned_unmapped,,con-011-electrical-services,,✅,—,,,UNASSESSED,unclassified,,github_owned
owned_unmapped,,con-012-hvac-services,,✅,—,,,UNASSESSED,unclassified,,github_owned
owned_unmapped,,con-013-painting-services,,✅,—,,,UNASSESSED,unclassified,,github_owned
owned_unmapped,,con-014-flooring-services,,✅,—,,,UNASSESSED,unclassified,,github_owned
owned_unmapped,,con-015-landscaping-services,,✅,—,,,UNASSESSED,platform/utility,,github_owned
owned_unmapped,,con-016-demolition-services,,✅,—,,,UNASSESSED,unclassified,,github_owned
owned_unmapped,,con-017-concrete-services,,✅,—,,,UNASSESSED,unclassified,,github_owned
owned_unmapped,,con-018-carpentry-services,,✅,—,,,UNASSESSED,unclassified,,github_owned
owned_unmapped,,con-019-window-installation,,✅,—,,,UNASSESSED,unclassified,,github_owned
owned_unmapped,,con-020-insulation-services,,✅,—,,,UNASSESSED,unclassified,,github_owned
owned_unmapped,,consciousness-deployment-system,,✅,—,,,UNASSESSED,unclassified,,github_owned
owned_unmapped,,consult-001-venture-consulting,,✅,—,,,UNASSESSED,platform/utility,,github_owned
owned_unmapped,,consulting-services-automation,,✅,—,,,UNASSESSED,platform/utility,,github_owned
owned_unmapped,,data-management,,✅,—,,,UNASSESSED,unclassified,,github_owned
owned_unmapped,,deliv-713-roadrunner-cannabis,,✅,—,,,UNASSESSED,platform/utility,,github_owned
owned_unmapped,,deployment-orchestrator,,✅,—,,,UNASSESSED,platform/utility,,github_owned
owned_unmapped,,design-system,,✅,—,,,UNASSESSED,unclassified,,github_owned
owned_unmapped,,design-team,,✅,—,,,UNASSESSED,platform/utility,,github_owned
owned_unmapped,,divine-johns-portfolio,,✅,—,,,UNASSESSED,unclassified,,github_owned
owned_unmapped,,ec-003-hella-scars,,✅,—,,,UNASSESSED,unclassified,,github_owned
owned_unmapped,,ec-004-godbody-luxuries,,✅,—,,,UNASSESSED,unclassified,,github_owned
owned_unmapped,,ec-005-nwa-products,,✅,—,,,UNASSESSED,unclassified,,github_owned
owned_unmapped,,ec-111-miss-toys,,✅,—,,,UNASSESSED,unclassified,,github_owned
owned_unmapped,,ec-111-tve-fragrance,,✅,—,,,UNASSESSED,unclassified,,github_owned
owned_unmapped,,ec-112-cosmic-kitty,,✅,—,,,UNASSESSED,platform/utility,,github_owned
owned_unmapped,,Ec-113kosmickitty,,✅,—,,,UNASSESSED,platform/utility,,github_owned
owned_unmapped,,ec-commerceos,,✅,—,,,UNASSESSED,platform/utility,,github_owned
owned_unmapped,,education-platform-system,,✅,—,,,UNASSESSED,platform/utility,,github_owned
owned_unmapped,,email-design-os,,✅,—,,,UNASSESSED,platform/utility,,github_owned
owned_unmapped,,enhanced-cursor-rules,,✅,—,,,UNASSESSED,unclassified,,github_owned
owned_unmapped,,et-003-content,,✅,—,,,UNASSESSED,archived,,github_owned
owned_unmapped,,et-003-platform,,✅,—,,,UNASSESSED,archived,,github_owned
owned_unmapped,,family-office-os,,✅,—,,,UNASSESSED,platform/utility,,github_owned
owned_unmapped,,fh-014-cloud-kitchen,,✅,—,,,UNASSESSED,platform/utility,,github_owned
owned_unmapped,,fh-023-bakery---pastry-shop,,✅,—,,,UNASSESSED,platform/utility,,github_owned
owned_unmapped,,fin-033-legal-toolkit-ai,,✅,—,,,UNASSESSED,platform/utility,,github_owned
owned_unmapped,,fin-037-worldwidebro-trading-system,,✅,—,,,UNASSESSED,unclassified,,github_owned
owned_unmapped,,freeclaudecode,,✅,—,,,UNASSESSED,unclassified,,github_owned
owned_unmapped,,ft-001-api-gateway,,✅,—,,,UNASSESSED,archived,,github_owned
owned_unmapped,,ft-001-core-ledger,,✅,—,,,UNASSESSED,archived,,github_owned
owned_unmapped,,ft-001-docs,,✅,—,,,UNASSESSED,archived,,github_owned
owned_unmapped,,fund-001-civilization-credit-fund,,✅,—,,,UNASSESSED,platform/utility,,github_owned
owned_unmapped,,genixbank-financial-system,,✅,—,,,UNASSESSED,platform/utility,,github_owned
owned_unmapped,,genixbank-insight-compass,,✅,—,,,UNASSESSED,platform/utility,,github_owned
owned_unmapped,,global-operations-automation,,✅,—,,,UNASSESSED,platform/utility,,github_owned
owned_unmapped,,hermes-agent-command-center,,✅,—,,,UNASSESSED,platform/utility,,github_owned
owned_unmapped,,ht-004-data-api,,✅,—,,,UNASSESSED,archived,,github_owned
owned_unmapped,,ht-004-firmware,,✅,—,,,UNASSESSED,archived,,github_owned
owned_unmapped,,ht-004-mobile-app,,✅,—,,,UNASSESSED,archived,,github_owned
owned_unmapped,,innovation-hub-platform,,✅,—,,,UNASSESSED,platform/utility,,github_owned
owned_unmapped,,ins-001-venture-insurance,,✅,—,,,UNASSESSED,platform/utility,,github_owned
owned_unmapped,,intellectual-property-management,,✅,—,,,UNASSESSED,unclassified,,github_owned
owned_unmapped,,investment-fund-management,,✅,—,,,UNASSESSED,unclassified,,github_owned
owned_unmapped,,iza-os-agents,,✅,—,,,UNASSESSED,platform/utility,,github_owned
owned_unmapped,,iza-os-ai-consciousness-platform,,✅,—,,,UNASSESSED,platform/utility,,github_owned
owned_unmapped,,iza-os-ai-core-platform,,✅,—,,,UNASSESSED,platform/utility,,github_owned
owned_unmapped,,iza-os-ai-nlp-platform,,✅,—,,,UNASSESSED,platform/utility,,github_owned
owned_unmapped,,iza-os-ai-optimization-platform,,✅,—,,,UNASSESSED,platform/utility,,github_owned
owned_unmapped,,iza-os-ai-orchestration,,✅,—,,,UNASSESSED,platform/utility,,github_owned
owned_unmapped,,iza-os-ai-prediction-platform,,✅,—,,,UNASSESSED,platform/utility,,github_owned
owned_unmapped,,iza-os-ai-vision-platform,,✅,—,,,UNASSESSED,platform/utility,,github_owned
owned_unmapped,,iza-os-analytics,,✅,—,,,UNASSESSED,platform/utility,,github_owned
owned_unmapped,,iza-os-api-gateway-bot,,✅,—,,,UNASSESSED,platform/utility,,github_owned
owned_unmapped,,iza-os-automation,,✅,—,,,UNASSESSED,platform/utility,,github_owned
owned_unmapped,,iza-os-automation-integration,,✅,—,,,UNASSESSED,platform/utility,,github_owned
owned_unmapped,,iza-os-blockchain-core,,✅,—,,,UNASSESSED,platform/utility,,github_owned
owned_unmapped,,iza-os-business,,✅,—,,,UNASSESSED,platform/utility,,github_owned
owned_unmapped,,iza-os-cli,,✅,—,,,UNASSESSED,platform/utility,,github_owned
owned_unmapped,,iza-os-computer-vision,,✅,—,,,UNASSESSED,platform/utility,,github_owned
owned_unmapped,,iza-os-core,,✅,—,,,UNASSESSED,platform/utility,,github_owned
owned_unmapped,,iza-os-cryptocurrency-management,,✅,—,,,UNASSESSED,platform/utility,,github_owned
owned_unmapped,,iza-os-customer-core,,✅,—,,,UNASSESSED,platform/utility,,github_owned
owned_unmapped,,iza-os-customer-service-automation-bot,,✅,—,,,UNASSESSED,archived,,github_owned
owned_unmapped,,iza-os-customer-service-chatbot-bot,,✅,—,,,UNASSESSED,archived,,github_owned
owned_unmapped,,iza-os-customer-service-email-bot,,✅,—,,,UNASSESSED,archived,,github_owned
owned_unmapped,,iza-os-customer-service-escalation-bot,,✅,—,,,UNASSESSED,archived,,github_owned
owned_unmapped,,iza-os-customer-service-faq-bot,,✅,—,,,UNASSESSED,archived,,github_owned
owned_unmapped,,iza-os-customer-service-knowledge-bot,,✅,—,,,UNASSESSED,archived,,github_owned
owned_unmapped,,iza-os-customer-service-phone-bot,,✅,—,,,UNASSESSED,archived,,github_owned
owned_unmapped,,iza-os-customer-service-social-bot,,✅,—,,,UNASSESSED,archived,,github_owned
owned_unmapped,,iza-os-customer-service-ticket-bot,,✅,—,,,UNASSESSED,archived,,github_owned
owned_unmapped,,iza-os-cybersecurity-monitoring-bot,,✅,—,,,UNASSESSED,platform/utility,,github_owned
owned_unmapped,,iza-os-data,,✅,—,,,UNASSESSED,platform/utility,,github_owned
owned_unmapped,,iza-os-data-integration-hub,,✅,—,,,UNASSESSED,platform/utility,,github_owned
owned_unmapped,,iza-os-defi-platform,,✅,—,,,UNASSESSED,platform/utility,,github_owned
owned_unmapped,,iza-os-deployment-automation-bot,,✅,—,,,UNASSESSED,platform/utility,,github_owned
owned_unmapped,,iza-os-docs,,✅,—,,,UNASSESSED,platform/utility,,github_owned
owned_unmapped,,iza-os-embedding-service,,✅,—,,,UNASSESSED,platform/utility,,github_owned
owned_unmapped,,iza-os-enterprise,,✅,—,,,UNASSESSED,platform/utility,,github_owned
owned_unmapped,,iza-os-enterprise-integrations,,✅,—,,,UNASSESSED,platform/utility,,github_owned
owned_unmapped,,iza-os-finance-advisor-alerting-bot,,✅,—,,,UNASSESSED,archived,,github_owned
owned_unmapped,,iza-os-finance-advisor-analytics-bot,,✅,—,,,UNASSESSED,archived,,github_owned
owned_unmapped,,iza-os-finance-advisor-automation-bot,,✅,—,,,UNASSESSED,archived,,github_owned
owned_unmapped,,iza-os-finance-advisor-compliance-bot,,✅,—,,,UNASSESSED,archived,,github_owned
owned_unmapped,,iza-os-finance-advisor-discovery-bot,,✅,—,,,UNASSESSED,archived,,github_owned
owned_unmapped,,iza-os-finance-advisor-forecasting-bot,,✅,—,,,UNASSESSED,archived,,github_owned
owned_unmapped,,iza-os-finance-advisor-integration-bot,,✅,—,,,UNASSESSED,archived,,github_owned
owned_unmapped,,iza-os-finance-advisor-intelligence-bot,,✅,—,,,UNASSESSED,archived,,github_owned
owned_unmapped,,iza-os-finance-advisor-management-bot,,✅,—,,,UNASSESSED,archived,,github_owned
owned_unmapped,,iza-os-finance-advisor-monitoring-bot,,✅,—,,,UNASSESSED,archived,,github_owned
owned_unmapped,,iza-os-finance-advisor-optimization-bot,,✅,—,,,UNASSESSED,archived,,github_owned
owned_unmapped,,iza-os-finance-advisor-orchestration-bot,,✅,—,,,UNASSESSED,archived,,github_owned
owned_unmapped,,iza-os-finance-advisor-processing-bot,,✅,—,,,UNASSESSED,archived,,github_owned
owned_unmapped,,iza-os-finance-advisor-reporting-bot,,✅,—,,,UNASSESSED,archived,,github_owned
owned_unmapped,,iza-os-finance-advisor-security-bot,,✅,—,,,UNASSESSED,archived,,github_owned
owned_unmapped,,iza-os-finance-advisor-synthesis-bot,,✅,—,,,UNASSESSED,archived,,github_owned
owned_unmapped,,iza-os-finance-core,,✅,—,,,UNASSESSED,platform/utility,,github_owned
owned_unmapped,,iza-os-funding,,✅,—,,,UNASSESSED,platform/utility,,github_owned
owned_unmapped,,iza-os-hr-analytics-bot,,✅,—,,,UNASSESSED,archived,,github_owned
owned_unmapped,,iza-os-hr-benefits-bot,,✅,—,,,UNASSESSED,archived,,github_owned
owned_unmapped,,iza-os-hr-compliance-bot,,✅,—,,,UNASSESSED,archived,,github_owned
owned_unmapped,,iza-os-hr-core,,✅,—,,,UNASSESSED,platform/utility,,github_owned
owned_unmapped,,iza-os-hr-onboarding-bot,,✅,—,,,UNASSESSED,archived,,github_owned
owned_unmapped,,iza-os-hr-payroll-bot,,✅,—,,,UNASSESSED,archived,,github_owned
owned_unmapped,,iza-os-hr-performance-bot,,✅,—,,,UNASSESSED,archived,,github_owned
owned_unmapped,,iza-os-hr-recruitment-bot,,✅,—,,,UNASSESSED,archived,,github_owned
owned_unmapped,,iza-os-hr-training-bot,,✅,—,,,UNASSESSED,archived,,github_owned
owned_unmapped,,iza-os-inference-engine,,✅,—,,,UNASSESSED,platform/utility,,github_owned
owned_unmapped,,iza-os-infra,,✅,—,,,UNASSESSED,platform/utility,,github_owned
owned_unmapped,,iza-os-infrastructure,,✅,—,,,UNASSESSED,platform/utility,,github_owned
owned_unmapped,,iza-os-infrastructure-monitoring-bot,,✅,—,,,UNASSESSED,platform/utility,,github_owned
owned_unmapped,,iza-os-integrations,,✅,—,,,UNASSESSED,platform/utility,,github_owned
owned_unmapped,,iza-os-intelligence-core,,✅,—,,,UNASSESSED,platform/utility,,github_owned
owned_unmapped,,iza-os-inventory-management-analytics-bot,,✅,—,,,UNASSESSED,platform/utility,,github_owned
owned_unmapped,,iza-os-inventory-management-automation-bot,,✅,—,,,UNASSESSED,platform/utility,,github_owned
owned_unmapped,,iza-os-inventory-management-compliance-bot,,✅,—,,,UNASSESSED,archived,,github_owned
owned_unmapped,,iza-os-inventory-management-integration-bot,,✅,—,,,UNASSESSED,archived,,github_owned
owned_unmapped,,iza-os-inventory-management-monitoring-bot,,✅,—,,,UNASSESSED,platform/utility,,github_owned
owned_unmapped,,iza-os-inventory-management-optimization-bot,,✅,—,,,UNASSESSED,platform/utility,,github_owned
owned_unmapped,,iza-os-inventory-management-reporting-bot,,✅,—,,,UNASSESSED,archived,,github_owned
owned_unmapped,,iza-os-inventory-management-security-bot,,✅,—,,,UNASSESSED,archived,,github_owned
owned_unmapped,,iza-os-knowledge-graph,,✅,—,,,UNASSESSED,platform/utility,,github_owned
owned_unmapped,,iza-os-legal-core,,✅,—,,,UNASSESSED,platform/utility,,github_owned
owned_unmapped,,iza-os-legal-research-alerting-bot,,✅,—,,,UNASSESSED,archived,,github_owned
owned_unmapped,,iza-os-legal-research-compliance-bot,,✅,—,,,UNASSESSED,archived,,github_owned
owned_unmapped,,iza-os-legal-research-discovery-bot,,✅,—,,,UNASSESSED,platform/utility,,github_owned
owned_unmapped,,iza-os-legal-research-integration-bot,,✅,—,,,UNASSESSED,archived,,github_owned
owned_unmapped,,iza-os-legal-research-intelligence-bot,,✅,—,,,UNASSESSED,archived,,github_owned
owned_unmapped,,iza-os-legal-research-management-bot,,✅,—,,,UNASSESSED,archived,,github_owned
owned_unmapped,,iza-os-legal-research-optimization-bot,,✅,—,,,UNASSESSED,archived,,github_owned
owned_unmapped,,iza-os-legal-research-orchestration-bot,,✅,—,,,UNASSESSED,archived,,github_owned
owned_unmapped,,iza-os-legal-research-processing-bot,,✅,—,,,UNASSESSED,platform/utility,,github_owned
owned_unmapped,,iza-os-legal-research-reporting-bot,,✅,—,,,UNASSESSED,archived,,github_owned
owned_unmapped,,iza-os-legal-research-security-bot,,✅,—,,,UNASSESSED,archived,,github_owned
owned_unmapped,,iza-os-legal-research-synthesis-bot,,✅,—,,,UNASSESSED,platform/utility,,github_owned
owned_unmapped,,iza-os-llm-adapter,,✅,—,,,UNASSESSED,platform/utility,,github_owned
owned_unmapped,,iza-os-market,,✅,—,,,UNASSESSED,platform/utility,,github_owned
owned_unmapped,,iza-os-marketing-automation-alerting-bot,,✅,—,,,UNASSESSED,archived,,github_owned
owned_unmapped,,iza-os-marketing-automation-analytics-bot,,✅,—,,,UNASSESSED,platform/utility,,github_owned
owned_unmapped,,iza-os-marketing-automation-automation-bot,,✅,—,,,UNASSESSED,archived,,github_owned
owned_unmapped,,iza-os-marketing-automation-campaign-bot,,✅,—,,,UNASSESSED,archived,,github_owned
owned_unmapped,,iza-os-marketing-automation-compliance-bot,,✅,—,,,UNASSESSED,archived,,github_owned
owned_unmapped,,iza-os-marketing-automation-discovery-bot,,✅,—,,,UNASSESSED,archived,,github_owned
owned_unmapped,,iza-os-marketing-automation-integration-bot,,✅,—,,,UNASSESSED,archived,,github_owned
owned_unmapped,,iza-os-marketing-automation-intelligence-bot,,✅,—,,,UNASSESSED,archived,,github_owned
owned_unmapped,,iza-os-marketing-automation-management-bot,,✅,—,,,UNASSESSED,archived,,github_owned
owned_unmapped,,iza-os-marketing-automation-monitoring-bot,,✅,—,,,UNASSESSED,archived,,github_owned
owned_unmapped,,iza-os-marketing-automation-optimization-bot,,✅,—,,,UNASSESSED,archived,,github_owned
owned_unmapped,,iza-os-marketing-automation-orchestration-bot,,✅,—,,,UNASSESSED,archived,,github_owned
owned_unmapped,,iza-os-marketing-automation-processing-bot,,✅,—,,,UNASSESSED,archived,,github_owned
owned_unmapped,,iza-os-marketing-automation-reporting-bot,,✅,—,,,UNASSESSED,archived,,github_owned
owned_unmapped,,iza-os-marketing-automation-security-bot,,✅,—,,,UNASSESSED,archived,,github_owned
owned_unmapped,,iza-os-marketing-automation-synthesis-bot,,✅,—,,,UNASSESSED,archived,,github_owned
owned_unmapped,,iza-os-mcp,,✅,—,,,UNASSESSED,platform/utility,,github_owned
owned_unmapped,,iza-os-ml,,✅,—,,,UNASSESSED,platform/utility,,github_owned
owned_unmapped,,iza-os-mobile,,✅,—,,,UNASSESSED,platform/utility,,github_owned
owned_unmapped,,iza-os-model-training,,✅,—,,,UNASSESSED,platform/utility,,github_owned
owned_unmapped,,iza-os-monitoring,,✅,—,,,UNASSESSED,platform/utility,,github_owned
owned_unmapped,,iza-os-monitoring-integration,,✅,—,,,UNASSESSED,platform/utility,,github_owned
owned_unmapped,,iza-os-nft-platform,,✅,—,,,UNASSESSED,platform/utility,,github_owned
owned_unmapped,,iza-os-nlp-pipeline,,✅,—,,,UNASSESSED,platform/utility,,github_owned
owned_unmapped,,iza-os-notification-bot,,✅,—,,,UNASSESSED,platform/utility,,github_owned
owned_unmapped,,iza-os-operations-analytics-bot,,✅,—,,,UNASSESSED,archived,,github_owned
owned_unmapped,,iza-os-operations-automation-bot,,✅,—,,,UNASSESSED,archived,,github_owned
owned_unmapped,,iza-os-operations-compliance-bot,,✅,—,,,UNASSESSED,archived,,github_owned
owned_unmapped,,iza-os-operations-core,,✅,—,,,UNASSESSED,platform/utility,,github_owned
owned_unmapped,,iza-os-operations-integration-bot,,✅,—,,,UNASSESSED,archived,,github_owned
owned_unmapped,,iza-os-operations-intelligence-bot,,✅,—,,,UNASSESSED,archived,,github_owned
owned_unmapped,,iza-os-operations-monitoring-bot,,✅,—,,,UNASSESSED,archived,,github_owned
owned_unmapped,,iza-os-operations-optimization-bot,,✅,—,,,UNASSESSED,archived,,github_owned
owned_unmapped,,iza-os-operations-reporting-bot,,✅,—,,,UNASSESSED,archived,,github_owned
owned_unmapped,,iza-os-operations-security-bot,,✅,—,,,UNASSESSED,archived,,github_owned
owned_unmapped,,iza-os-ops,,✅,—,,,UNASSESSED,platform/utility,,github_owned
owned_unmapped,,iza-os-orchestrator,,✅,—,,,UNASSESSED,platform/utility,,github_owned
owned_unmapped,,iza-os-platform-core,,✅,—,,,UNASSESSED,platform/utility,,github_owned
owned_unmapped,,iza-os-playgrounds,,✅,—,,,UNASSESSED,platform/utility,,github_owned
owned_unmapped,,iza-os-predictive-analytics-bot,,✅,—,,,UNASSESSED,platform/utility,,github_owned
owned_unmapped,,iza-os-predictive-modeling,,✅,—,,,UNASSESSED,platform/utility,,github_owned
owned_unmapped,,iza-os-project-management-alerting-bot,,✅,—,,,UNASSESSED,archived,,github_owned
owned_unmapped,,iza-os-project-management-analytics-bot,,✅,—,,,UNASSESSED,archived,,github_owned
owned_unmapped,,iza-os-project-management-automation-bot,,✅,—,,,UNASSESSED,archived,,github_owned
owned_unmapped,,iza-os-project-management-compliance-bot,,✅,—,,,UNASSESSED,archived,,github_owned
owned_unmapped,,iza-os-project-management-discovery-bot,,✅,—,,,UNASSESSED,archived,,github_owned
owned_unmapped,,iza-os-project-management-integration-bot,,✅,—,,,UNASSESSED,archived,,github_owned
owned_unmapped,,iza-os-project-management-intelligence-bot,,✅,—,,,UNASSESSED,archived,,github_owned
owned_unmapped,,iza-os-project-management-management-bot,,✅,—,,,UNASSESSED,archived,,github_owned
owned_unmapped,,iza-os-project-management-monitoring-bot,,✅,—,,,UNASSESSED,archived,,github_owned
owned_unmapped,,iza-os-project-management-optimization-bot,,✅,—,,,UNASSESSED,archived,,github_owned
owned_unmapped,,iza-os-project-management-orchestration-bot,,✅,—,,,UNASSESSED,archived,,github_owned
owned_unmapped,,iza-os-project-management-processing-bot,,✅,—,,,UNASSESSED,archived,,github_owned
owned_unmapped,,iza-os-project-management-reporting-bot,,✅,—,,,UNASSESSED,archived,,github_owned
owned_unmapped,,iza-os-project-management-security-bot,,✅,—,,,UNASSESSED,archived,,github_owned
owned_unmapped,,iza-os-project-management-synthesis-bot,,✅,—,,,UNASSESSED,archived,,github_owned
owned_unmapped,,iza-os-prompt-engineering,,✅,—,,,UNASSESSED,platform/utility,,github_owned
owned_unmapped,,iza-os-quality-assurance-bot,,✅,—,,,UNASSESSED,platform/utility,,github_owned
owned_unmapped,,iza-os-rag-system,,✅,—,,,UNASSESSED,platform/utility,,github_owned
owned_unmapped,,iza-os-recommendation-engine,,✅,—,,,UNASSESSED,platform/utility,,github_owned
owned_unmapped,,iza-os-revenue,,✅,—,,,UNASSESSED,platform/utility,,github_owned
owned_unmapped,,iza-os-sales-automation-alerting-bot,,✅,—,,,UNASSESSED,archived,,github_owned
owned_unmapped,,iza-os-sales-automation-analytics-bot,,✅,—,,,UNASSESSED,archived,,github_owned
owned_unmapped,,iza-os-sales-automation-automation-bot,,✅,—,,,UNASSESSED,archived,,github_owned
owned_unmapped,,iza-os-sales-automation-compliance-bot,,✅,—,,,UNASSESSED,archived,,github_owned
owned_unmapped,,iza-os-sales-automation-discovery-bot,,✅,—,,,UNASSESSED,archived,,github_owned
owned_unmapped,,iza-os-sales-automation-integration-bot,,✅,—,,,UNASSESSED,archived,,github_owned
owned_unmapped,,iza-os-sales-automation-intelligence-bot,,✅,—,,,UNASSESSED,archived,,github_owned
owned_unmapped,,iza-os-sales-automation-management-bot,,✅,—,,,UNASSESSED,archived,,github_owned
owned_unmapped,,iza-os-sales-automation-monitoring-bot,,✅,—,,,UNASSESSED,archived,,github_owned
owned_unmapped,,iza-os-sales-automation-optimization-bot,,✅,—,,,UNASSESSED,archived,,github_owned
owned_unmapped,,iza-os-sales-automation-orchestration-bot,,✅,—,,,UNASSESSED,archived,,github_owned
owned_unmapped,,iza-os-sales-automation-processing-bot,,✅,—,,,UNASSESSED,archived,,github_owned
owned_unmapped,,iza-os-sales-automation-reporting-bot,,✅,—,,,UNASSESSED,archived,,github_owned
owned_unmapped,,iza-os-sales-automation-security-bot,,✅,—,,,UNASSESSED,archived,,github_owned
owned_unmapped,,iza-os-sales-automation-synthesis-bot,,✅,—,,,UNASSESSED,archived,,github_owned
owned_unmapped,,iza-os-sales-core,,✅,—,,,UNASSESSED,platform/utility,,github_owned
owned_unmapped,,iza-os-security,,✅,—,,,UNASSESSED,platform/utility,,github_owned
owned_unmapped,,iza-os-security-compliance-bot,,✅,—,,,UNASSESSED,platform/utility,,github_owned
owned_unmapped,,iza-os-semantic-search,,✅,—,,,UNASSESSED,platform/utility,,github_owned
owned_unmapped,,iza-os-smart-contracts,,✅,—,,,UNASSESSED,platform/utility,,github_owned
owned_unmapped,,iza-os-specs,,✅,—,,,UNASSESSED,platform/utility,,github_owned
owned_unmapped,,iza-os-speech-processing,,✅,—,,,UNASSESSED,platform/utility,,github_owned
owned_unmapped,,iza-os-templates,,✅,—,,,UNASSESSED,platform/utility,,github_owned
owned_unmapped,,iza-os-third-party-apis,,✅,—,,,UNASSESSED,platform/utility,,github_owned
owned_unmapped,,iza-os-vector-database,,✅,—,,,UNASSESSED,platform/utility,,github_owned
owned_unmapped,,iza-os-web,,✅,—,,,UNASSESSED,platform/utility,,github_owned
owned_unmapped,,iza-os-web3-integration,,✅,—,,,UNASSESSED,platform/utility,,github_owned
owned_unmapped,,iza-os-workflow-integration,,✅,—,,,UNASSESSED,platform/utility,,github_owned
owned_unmapped,,legal-001-ai-boss-holdings,,✅,—,,,UNASSESSED,platform/utility,,github_owned
owned_unmapped,,legal-contract-templates,,✅,—,,,UNASSESSED,platform/utility,,github_owned
owned_unmapped,,maps,,✅,—,,,UNASSESSED,platform/utility,,github_owned
owned_unmapped,,marketplace-core,,✅,—,,,UNASSESSED,platform/utility,,github_owned
owned_unmapped,,mcp-integration-hub,,✅,—,,,UNASSESSED,platform/utility,,github_owned
owned_unmapped,,media-empire-platform,,✅,—,,,UNASSESSED,platform/utility,,github_owned
owned_unmapped,,mobile-access-manager,,✅,—,,,UNASSESSED,platform/utility,,github_owned
owned_unmapped,,nexus-ai-enterprise-platform,,✅,—,,,UNASSESSED,platform/utility,,github_owned
owned_unmapped,,obsidian-vault,,✅,—,,,UNASSESSED,unclassified,,github_owned
owned_unmapped,,op-001-venture-automation-agency,,✅,—,,,UNASSESSED,platform/utility,,github_owned
owned_unmapped,,op-002-template-marketplace,,✅,—,,,UNASSESSED,platform/utility,,github_owned
owned_unmapped,,op-003-agent-services-hub,,✅,—,,,UNASSESSED,platform/utility,,github_owned
owned_unmapped,,ops-staff-001-staffing,,✅,—,,,UNASSESSED,platform/utility,,github_owned
owned_unmapped,,OS-001-MATHEMATICAL-OS-REGISTRY,,✅,—,,,UNASSESSED,platform/utility,,github_owned
owned_unmapped,,partnership-network-management,,✅,—,,,UNASSESSED,unclassified,,github_owned
owned_unmapped,,pitch-kit,,✅,—,,,UNASSESSED,unclassified,,github_owned
owned_unmapped,,quantum-brain-sync-website,,✅,—,,,UNASSESSED,platform/utility,,github_owned
owned_unmapped,,re-001-worldwidebro-holdings,,✅,—,,,UNASSESSED,platform/utility,,github_owned
owned_unmapped,,re-002-os-property-management,,✅,—,,,UNASSESSED,platform/utility,,github_owned
owned_unmapped,,repo-template,,✅,—,,,UNASSESSED,platform/utility,,github_owned
owned_unmapped,,research-lab-automation,,✅,—,,,UNASSESSED,platform/utility,,github_owned
owned_unmapped,,research-os,,✅,—,,,UNASSESSED,platform/utility,,github_owned
owned_unmapped,,research-processing-pipeline,,✅,—,,,UNASSESSED,unclassified,,github_owned
owned_unmapped,,Resume,,✅,—,,,UNASSESSED,unclassified,,github_owned
owned_unmapped,,revenue-multiplication-system,,✅,—,,,UNASSESSED,unclassified,,github_owned
owned_unmapped,,shared-kernels,,✅,—,,,UNASSESSED,platform/utility,,github_owned
owned_unmapped,,sovereign-life,,✅,—,,,UNASSESSED,platform/utility,,github_owned
owned_unmapped,,tax-company-2026,,✅,—,,,UNASSESSED,platform/utility,,github_owned
owned_unmapped,,tech-ventures-portfolio,,✅,—,,,UNASSESSED,unclassified,,github_owned
owned_unmapped,,testchat,,✅,—,,,UNASSESSED,unclassified,,github_owned
owned_unmapped,,the-office,,✅,—,,,UNASSESSED,unclassified,,github_owned
owned_unmapped,,unified-dashboard-system,,✅,—,,,UNASSESSED,platform/utility,,github_owned
owned_unmapped,,up-next-marketplace,,✅,—,,,UNASSESSED,archived,,github_owned
owned_unmapped,,venture-contract-engine,,✅,—,,,UNASSESSED,platform/utility,,github_owned
owned_unmapped,,venture-factory-core,,✅,—,,,UNASSESSED,platform/utility,,github_owned
owned_unmapped,,venture-hub,,✅,—,,,UNASSESSED,platform/utility,,github_owned
owned_unmapped,,venture-pipeline,,✅,—,,,UNASSESSED,unclassified,,github_owned
owned_unmapped,,venture-studio-core,,✅,—,,,UNASSESSED,platform/utility,,github_owned
owned_unmapped,,ventures,,✅,—,,,UNASSESSED,platform/utility,,github_owned
owned_unmapped,,Vex,,✅,—,,,UNASSESSED,unclassified,,github_owned
owned_unmapped,,wealth-optimization-platform,,✅,—,,,UNASSESSED,platform/utility,,github_owned
owned_unmapped,,Worldwidebro,,✅,—,,,UNASSESSED,unclassified,,github_owned
owned_unmapped,,worldwidebro-company-registry,,✅,—,,,UNASSESSED,platform/utility,,github_owned
owned_unmapped,,worldwidebro-construction-os,,✅,—,,,UNASSESSED,platform/utility,,github_owned
owned_unmapped,,worldwidebro-education-os,,✅,—,,,UNASSESSED,platform/utility,,github_owned
owned_unmapped,,worldwidebro-finance-os,,✅,—,,,UNASSESSED,platform/utility,,github_owned
owned_unmapped,,worldwidebro-holdings,,✅,—,,,UNASSESSED,unclassified,,github_owned
owned_unmapped,,worldwidebro-marketing-os,,✅,—,,,UNASSESSED,platform/utility,,github_owned
owned_unmapped,,worldwidebro-mathematical-os,,✅,—,,,UNASSESSED,platform/utility,,github_owned
owned_unmapped,,worldwidebro-os-business-engine,,✅,—,,,UNASSESSED,platform/utility,,github_owned
owned_unmapped,,worldwidebro-os-core,,✅,—,,,UNASSESSED,platform/utility,,github_owned
owned_unmapped,,worldwidebro-os-infrastructure,,✅,—,,,UNASSESSED,platform/utility,,github_owned
owned_unmapped,,worldwidebro-os-knowledge-graph,,✅,—,,,UNASSESSED,platform/utility,,github_owned
owned_unmapped,,worldwidebro-staffing-os,,✅,—,,,UNASSESSED,platform/utility,,github_owned
owned_unmapped,,worldwidebro-venture-portal,,✅,—,,,UNASSESSED,unclassified,,github_owned
owned_unmapped,,xyops-integration,,✅,—,,,UNASSESSED,platform/utility,,github_owned
owned_unmapped,,YES-LLC-CONTRACTOR-DELIVERY,,✅,—,,,UNASSESSED,unclassified,,github_owned
starred_external,,0x0be/yesitsme,,—,✅,,,UNASSESSED,external_candidate,,github_starred
starred_external,,0xemmkty/quantmuse,,—,✅,,,UNASSESSED,external_candidate,,github_starred
starred_external,,0xk1h0/chatgpt_dan,,—,✅,,,UNASSESSED,external_candidate,,github_starred
starred_external,,0xnyk/awesome-hermes-agent,,—,✅,,,UNASSESSED,external_candidate,,github_starred
starred_external,,1jehuang/jcode,,—,✅,,,UNASSESSED,external_candidate,,github_starred
starred_external,,21st-dev/magic-mcp,,—,✅,,,UNASSESSED,external_candidate,,github_starred
starred_external,,4r7i5t/cl1_llm_encoder,,—,✅,,,UNASSESSED,external_candidate,,github_starred
starred_external,,666ghj/bettafish,,—,✅,,,UNASSESSED,external_candidate,,github_starred
starred_external,,666ghj/mirofish,,—,✅,,,UNASSESSED,external_candidate,,github_starred
starred_external,,9001/copyparty,,—,✅,,,UNASSESSED,external_candidate,,github_starred
starred_external,,a2aproject/a2a,,—,✅,,,UNASSESSED,external_candidate,,github_starred
starred_external,,aaif-goose/goose,,—,✅,,,UNASSESSED,external_candidate,,github_starred
starred_external,,abhigyanpatwari/gitnexus,,—,✅,,,UNASSESSED,external_candidate,,github_starred
starred_external,,abi/screenshot-to-code,,—,✅,,,UNASSESSED,external_candidate,,github_starred
starred_external,,abracadabra50/claude-code-voice-skill,,—,✅,,,UNASSESSED,external_candidate,,github_starred
starred_external,,abus-aikorea/voice-pro,,—,✅,,,UNASSESSED,external_candidate,,github_starred
starred_external,,activeloopai/hivemind,,—,✅,,,UNASSESSED,external_candidate,,github_starred
starred_external,,activepieces/activepieces,,—,✅,,,UNASSESSED,external_candidate,,github_starred
starred_external,,actualbudget/actual,,—,✅,,,UNASSESSED,external_candidate,,github_starred
starred_external,,ad-on-is/rachoon,,—,✅,,,UNASSESSED,external_candidate,,github_starred
starred_external,,addyosmani/agent-skills,,—,✅,,,UNASSESSED,external_candidate,,github_starred
starred_external,,adembc/lazyssh,,—,✅,,,UNASSESSED,external_candidate,,github_starred
starred_external,,adguardteam/adguardhome,,—,✅,,,UNASSESSED,external_candidate,,github_starred
starred_external,,advplyr/audiobookshelf,,—,✅,,,UNASSESSED,external_candidate,,github_starred
starred_external,,aetherai3/agentic-loops,,—,✅,,,UNASSESSED,external_candidate,,github_starred
starred_external,,affaan-m/ecc,,—,✅,,,UNASSESSED,external_candidate,,github_starred
starred_external,,agarrharr/awesome-cli-apps,,—,✅,,,UNASSESSED,external_candidate,,github_starred
starred_external,,agentlas-ai/agentlas-os,,—,✅,,,UNASSESSED,external_candidate,,github_starred
starred_external,,agentscope-ai/agentscope,,—,✅,,,UNASSESSED,external_candidate,,github_starred
starred_external,,agentsmd/agents.md,,—,✅,,,UNASSESSED,external_candidate,,github_starred
starred_external,,agiprolabs/claude-trading-skills,,—,✅,,,UNASSESSED,external_candidate,,github_starred
starred_external,,agno-agi/dash,,—,✅,,,UNASSESSED,external_candidate,,github_starred
starred_external,,agricidaniel/claude-ads,,—,✅,,,UNASSESSED,external_candidate,,github_starred
starred_external,,agricidaniel/claude-seo,,—,✅,,,UNASSESSED,external_candidate,,github_starred
starred_external,,ahmedkhaleel2004/gitdiagram,,—,✅,,,UNASSESSED,external_candidate,,github_starred
starred_external,,ai4finance-foundation/finrobot,,—,✅,,,UNASSESSED,external_candidate,,github_starred
starred_external,,aider-ai/aider,,—,✅,,,UNASSESSED,external_candidate,,github_starred
starred_external,,airweave-ai/airweave,,—,✅,,,UNASSESSED,external_candidate,,github_starred
starred_external,,ajeetdsouza/zoxide,,—,✅,,,UNASSESSED,external_candidate,,github_starred
starred_external,,alekspetrov/navigator,,—,✅,,,UNASSESSED,external_candidate,,github_starred
starred_external,,alexgladkov/claude-in-mobile,,—,✅,,,UNASSESSED,external_candidate,,github_starred
starred_external,,alexta69/metube,,—,✅,,,UNASSESSED,external_candidate,,github_starred
starred_external,,aliasrobotics/cai,,—,✅,,,UNASSESSED,external_candidate,,github_starred
starred_external,,alibaba-nlp/deepresearch,,—,✅,,,UNASSESSED,external_candidate,,github_starred
starred_external,,alibaba/open-code-review,,—,✅,,,UNASSESSED,external_candidate,,github_starred
starred_external,,alibaba/page-agent,,—,✅,,,UNASSESSED,external_candidate,,github_starred
starred_external,,alirezarezvani/claude-skills,,—,✅,,,UNASSESSED,external_candidate,,github_starred
starred_external,,alishahryar1/free-claude-code,,—,✅,,,UNASSESSED,external_candidate,,github_starred
starred_external,,allenai/olmocr,,—,✅,,,UNASSESSED,external_candidate,,github_starred
starred_external,,aloshdenny/reverse-synthid,,—,✅,,,UNASSESSED,external_candidate,,github_starred
starred_external,,alpacahq/alpaca-py,,—,✅,,,UNASSESSED,external_candidate,,github_starred
starred_external,,altstoreio/altstore,,—,✅,,,UNASSESSED,external_candidate,,github_starred
starred_external,,amantus-ai/vibetunnel,,—,✅,,,UNASSESSED,external_candidate,,github_starred
starred_external,,amir1376/ab-download-manager,,—,✅,,,UNASSESSED,external_candidate,,github_starred
starred_external,,amruthpillai/reactive-resume,,—,✅,,,UNASSESSED,external_candidate,,github_starred
starred_external,,anaisbetts/mcp-youtube,,—,✅,,,UNASSESSED,external_candidate,,github_starred
starred_external,,anderspitman/awesome-tunneling,,—,✅,,,UNASSESSED,external_candidate,,github_starred
starred_external,,andrewyng/context-hub,,—,✅,,,UNASSESSED,external_candidate,,github_starred
starred_external,,anil-matcha/open-generative-ai,,—,✅,,,UNASSESSED,external_candidate,,github_starred
starred_external,,anomalyco/console,,—,✅,,,UNASSESSED,external_candidate,,github_starred
starred_external,,anomalyco/models.dev,,—,✅,,,UNASSESSED,external_candidate,,github_starred
starred_external,,anomalyco/opencode,,—,✅,,,UNASSESSED,external_candidate,,github_starred
starred_external,,anomalyco/opentui,,—,✅,,,UNASSESSED,external_candidate,,github_starred
starred_external,,anomalyco/sst,,—,✅,,,UNASSESSED,external_candidate,,github_starred
starred_external,,anthropics/claude-code,,—,✅,,,UNASSESSED,external_candidate,,github_starred
starred_external,,anthropics/claude-code-action,,—,✅,,,UNASSESSED,external_candidate,,github_starred
starred_external,,anthropics/claude-cookbooks,,—,✅,,,UNASSESSED,external_candidate,,github_starred
starred_external,,anthropics/claude-plugins-official,,—,✅,,,UNASSESSED,external_candidate,,github_starred
starred_external,,anthropics/claude-quickstarts,,—,✅,,,UNASSESSED,external_candidate,,github_starred
starred_external,,anthropics/financial-services,,—,✅,,,UNASSESSED,external_candidate,,github_starred
starred_external,,anthropics/knowledge-work-plugins,,—,✅,,,UNASSESSED,external_candidate,,github_starred
starred_external,,anthropics/prompt-eng-interactive-tutorial,,—,✅,,,UNASSESSED,external_candidate,,github_starred
starred_external,,anthropics/skills,,—,✅,,,UNASSESSED,external_candidate,,github_starred
starred_external,,antiwork/gumroad,,—,✅,,,UNASSESSED,external_candidate,,github_starred
starred_external,,anuken/mindustry,,—,✅,,,UNASSESSED,external_candidate,,github_starred
starred_external,,anymorph-ai/claudable,,—,✅,,,UNASSESSED,external_candidate,,github_starred
starred_external,,anyproto/anytype-ts,,—,✅,,,UNASSESSED,external_candidate,,github_starred
starred_external,,apache/kafka,,—,✅,,,UNASSESSED,external_candidate,,github_starred
starred_external,,apple/container,,—,✅,,,UNASSESSED,external_candidate,,github_starred
starred_external,,argoproj/argo-cd,,—,✅,,,UNASSESSED,external_candidate,,github_starred
starred_external,,arindam200/awesome-ai-apps,,—,✅,,,UNASSESSED,external_candidate,,github_starred
starred_external,,arthur-ficial/apfel,,—,✅,,,UNASSESSED,external_candidate,,github_starred
starred_external,,asgeirtj/system_prompts_leaks,,—,✅,,,UNASSESSED,external_candidate,,github_starred
starred_external,,ashishpatel26/500-ai-agents-projects,,—,✅,,,UNASSESSED,external_candidate,,github_starred
starred_external,,ashishps1/awesome-system-design-resources,,—,✅,,,UNASSESSED,external_candidate,,github_starred
starred_external,,astrosp/awesome-osint-list,,—,✅,,,UNASSESSED,external_candidate,,github_starred
starred_external,,async-labs/saas,,—,✅,,,UNASSESSED,external_candidate,,github_starred
starred_external,,ath-maas/pixelle-video,,—,✅,,,UNASSESSED,external_candidate,,github_starred
starred_external,,atuinsh/atuin,,—,✅,,,UNASSESSED,external_candidate,,github_starred
starred_external,,audacity/audacity,,—,✅,,,UNASSESSED,external_candidate,,github_starred
starred_external,,automazeio/ccpm,,—,✅,,,UNASSESSED,external_candidate,,github_starred
starred_external,,avelino/awesome-go,,—,✅,,,UNASSESSED,external_candidate,,github_starred
starred_external,,awesome-selfhosted/awesome-selfhosted,,—,✅,,,UNASSESSED,external_candidate,,github_starred
starred_external,,awesomedata/awesome-public-datasets,,—,✅,,,UNASSESSED,external_candidate,,github_starred
starred_external,,awslabs/mcp,,—,✅,,,UNASSESSED,external_candidate,,github_starred
starred_external,,aykutsarac/jsoncrack.com,,—,✅,,,UNASSESSED,external_candidate,,github_starred
starred_external,,ayn2op/discordo,,—,✅,,,UNASSESSED,external_candidate,,github_starred
starred_external,,azat-io/todoctor,,—,✅,,,UNASSESSED,external_candidate,,github_starred
starred_external,,backstage/backstage,,—,✅,,,UNASSESSED,external_candidate,,github_starred
starred_external,,baggiponte/awesome-pandas-alternatives,,—,✅,,,UNASSESSED,external_candidate,,github_starred
starred_external,,baidu/unlimited-ocr,,—,✅,,,UNASSESSED,external_candidate,,github_starred
starred_external,,basecamp/fizzy,,—,✅,,,UNASSESSED,external_candidate,,github_starred
starred_external,,basedhardware/omi,,—,✅,,,UNASSESSED,external_candidate,,github_starred
starred_external,,bcuninstaller/bulk-crap-uninstaller,,—,✅,,,UNASSESSED,external_candidate,,github_starred
starred_external,,berriai/litellm,,—,✅,,,UNASSESSED,external_candidate,,github_starred
starred_external,,bgstaal/multiplewindow3dscene,,—,✅,,,UNASSESSED,external_candidate,,github_starred
starred_external,,bigbodycobain/shadowbroker,,—,✅,,,UNASSESSED,external_candidate,,github_starred
starred_external,,binhnguyennus/awesome-scalability,,—,✅,,,UNASSESSED,external_candidate,,github_starred
starred_external,,bitcoin/bitcoin,,—,✅,,,UNASSESSED,external_candidate,,github_starred
starred_external,,blakeblackshear/frigate,,—,✅,,,UNASSESSED,external_candidate,,github_starred
starred_external,,blinkospace/blinko,,—,✅,,,UNASSESSED,external_candidate,,github_starred
starred_external,,block/buzz,,—,✅,,,UNASSESSED,external_candidate,,github_starred
starred_external,,blockchain-etl/ethereum-etl,,—,✅,,,UNASSESSED,external_candidate,,github_starred
starred_external,,bloopai/vibe-kanban,,—,✅,,,UNASSESSED,external_candidate,,github_starred
starred_external,,bmad-code-org/bmad-method,,—,✅,,,UNASSESSED,external_candidate,,github_starred
starred_external,,bobeff/open-source-games,,—,✅,,,UNASSESSED,external_candidate,,github_starred
starred_external,,bookstairs/bookhunter,,—,✅,,,UNASSESSED,external_candidate,,github_starred
starred_external,,boxyhq/saas-starter-kit,,—,✅,,,UNASSESSED,external_candidate,,github_starred
starred_external,,bradautomates/claude-video,,—,✅,,,UNASSESSED,external_candidate,,github_starred
starred_external,,bragai/brag-langchain,,—,✅,,,UNASSESSED,external_candidate,,github_starred
starred_external,,brave/brave-search-mcp-server,,—,✅,,,UNASSESSED,external_candidate,,github_starred
starred_external,,breferrari/obsidian-mind,,—,✅,,,UNASSESSED,external_candidate,,github_starred
starred_external,,browser-use/browser-harness,,—,✅,,,UNASSESSED,external_candidate,,github_starred
starred_external,,browser-use/browser-use,,—,✅,,,UNASSESSED,external_candidate,,github_starred
starred_external,,browserbase/stagehand,,—,✅,,,UNASSESSED,external_candidate,,github_starred
starred_external,,browsermcp/mcp,,—,✅,,,UNASSESSED,external_candidate,,github_starred
starred_external,,browseros-ai/browseros,,—,✅,,,UNASSESSED,external_candidate,,github_starred
starred_external,,buckle42/claude-code-remote,,—,✅,,,UNASSESSED,external_candidate,,github_starred
starred_external,,budibase/budibase,,—,✅,,,UNASSESSED,external_candidate,,github_starred
starred_external,,bytebot-ai/bytebot,,—,✅,,,UNASSESSED,external_candidate,,github_starred
starred_external,,bytebytegohq/system-design-101,,—,✅,,,UNASSESSED,external_candidate,,github_starred
starred_external,,bytedance/deer-flow,,—,✅,,,UNASSESSED,external_candidate,,github_starred
starred_external,,bytedance/ui-tars-desktop,,—,✅,,,UNASSESSED,external_candidate,,github_starred
starred_external,,caddyserver/caddy,,—,✅,,,UNASSESSED,external_candidate,,github_starred
starred_external,,cadence-workflow/cadence,,—,✅,,,UNASSESSED,external_candidate,,github_starred
starred_external,,cafetechne/antigravity-link-extension,,—,✅,,,UNASSESSED,external_candidate,,github_starred
starred_external,,calcom/cal.diy,,—,✅,,,UNASSESSED,external_candidate,,github_starred
starred_external,,calesthio/crucix,,—,✅,,,UNASSESSED,external_candidate,,github_starred
starred_external,,calesthio/openmontage,,—,✅,,,UNASSESSED,external_candidate,,github_starred
starred_external,,calltosta/tg-all-in-one-tool,,—,✅,,,UNASSESSED,external_candidate,,github_starred
starred_external,,camel-ai/owl,,—,✅,,,UNASSESSED,external_candidate,,github_starred
starred_external,,campfirein/byterover-cli,,—,✅,,,UNASSESSED,external_candidate,,github_starred
starred_external,,camunda/camunda-platform,,—,✅,,,UNASSESSED,external_candidate,,github_starred
starred_external,,canner/wrenai,,—,✅,,,UNASSESSED,external_candidate,,github_starred
starred_external,,capsoftware/cap,,—,✅,,,UNASSESSED,external_candidate,,github_starred
starred_external,,carbon-app/carbon,,—,✅,,,UNASSESSED,external_candidate,,github_starred
starred_external,,category-labs/monad,,—,✅,,,UNASSESSED,external_candidate,,github_starred
starred_external,,cathrynlavery/diagram-design,,—,✅,,,UNASSESSED,external_candidate,,github_starred
starred_external,,ccxt/ccxt,,—,✅,,,UNASSESSED,external_candidate,,github_starred
starred_external,,centrifugal/centrifugo,,—,✅,,,UNASSESSED,external_candidate,,github_starred
starred_external,,cgsecurity/testdisk,,—,✅,,,UNASSESSED,external_candidate,,github_starred
starred_external,,charmbracelet/crush,,—,✅,,,UNASSESSED,external_candidate,,github_starred
starred_external,,chatanywhere/gpt_api_free,,—,✅,,,UNASSESSED,external_candidate,,github_starred
starred_external,,chatwoot/chatwoot,,—,✅,,,UNASSESSED,external_candidate,,github_starred
starred_external,,chauncygu/collection-claude-code-source-code,,—,✅,,,UNASSESSED,external_candidate,,github_starred
starred_external,,chiphuyen/aie-book,,—,✅,,,UNASSESSED,external_candidate,,github_starred
starred_external,,chocoford/excalidrawz,,—,✅,,,UNASSESSED,external_candidate,,github_starred
starred_external,,christianlempa/boilerplates,,—,✅,,,UNASSESSED,external_candidate,,github_starred
starred_external,,christopherkahler/paul,,—,✅,,,UNASSESSED,external_candidate,,github_starred
starred_external,,chrisworsey55/atlas-gic,,—,✅,,,UNASSESSED,external_candidate,,github_starred
starred_external,,cilium/cilium,,—,✅,,,UNASSESSED,external_candidate,,github_starred
starred_external,,citrolabs/ego-lite,,—,✅,,,UNASSESSED,external_candidate,,github_starred
starred_external,,cjpais/handy,,—,✅,,,UNASSESSED,external_candidate,,github_starred
starred_external,,clementtsang/bottom,,—,✅,,,UNASSESSED,external_candidate,,github_starred
starred_external,,clidey/whodb,,—,✅,,,UNASSESSED,external_candidate,,github_starred
starred_external,,cloakhq/cloakbrowser,,—,✅,,,UNASSESSED,external_candidate,,github_starred
starred_external,,clockworklabs/spacetimedb,,—,✅,,,UNASSESSED,external_candidate,,github_starred
starred_external,,cloudflare/agentic-inbox,,—,✅,,,UNASSESSED,external_candidate,,github_starred
starred_external,,cloudflare/moltworker,,—,✅,,,UNASSESSED,external_candidate,,github_starred
starred_external,,cloudflare/vibesdk,,—,✅,,,UNASSESSED,external_candidate,,github_starred
starred_external,,cobusgreyling/loop-engineering,,—,✅,,,UNASSESSED,external_candidate,,github_starred
starred_external,,cobusgreyling/muse-glimmer,,—,✅,,,UNASSESSED,external_candidate,,github_starred
starred_external,,code-yeongyu/oh-my-openagent,,—,✅,,,UNASSESSED,external_candidate,,github_starred
starred_external,,codeaholicguy/ai-devkit,,—,✅,,,UNASSESSED,external_candidate,,github_starred
starred_external,,codebuffai/freebuff,,—,✅,,,UNASSESSED,external_candidate,,github_starred
starred_external,,codecrafters-io/build-your-own-x,,—,✅,,,UNASSESSED,external_candidate,,github_starred
starred_external,,coder/code-server,,—,✅,,,UNASSESSED,external_candidate,,github_starred
starred_external,,colbymchenry/codegraph,,—,✅,,,UNASSESSED,external_candidate,,github_starred
starred_external,,coleam00/archon,,—,✅,,,UNASSESSED,external_candidate,,github_starred
starred_external,,comfy-org/comfyui,,—,✅,,,UNASSESSED,external_candidate,,github_starred
starred_external,,composio-community/awesome-codex-skills,,—,✅,,,UNASSESSED,external_candidate,,github_starred
starred_external,,composio-community/open-claude-cowork,,—,✅,,,UNASSESSED,external_candidate,,github_starred
starred_external,,composiohq/awesome-claude-skills,,—,✅,,,UNASSESSED,external_candidate,,github_starred
starred_external,,confident-ai/deepeval,,—,✅,,,UNASSESSED,external_candidate,,github_starred
starred_external,,containerd/containerd,,—,✅,,,UNASSESSED,external_candidate,,github_starred
starred_external,,contains-studio/agents,,—,✅,,,UNASSESSED,external_candidate,,github_starred
starred_external,,context-machine-lab/sleepless-agent,,—,✅,,,UNASSESSED,external_candidate,,github_starred
starred_external,,continual-intelligence/seal,,—,✅,,,UNASSESSED,external_candidate,,github_starred
starred_external,,controversial/wikipedia-map,,—,✅,,,UNASSESSED,external_candidate,,github_starred
starred_external,,coollabsio/coolify,,—,✅,,,UNASSESSED,external_candidate,,github_starred
starred_external,,copilotkit/copilotkit,,—,✅,,,UNASSESSED,external_candidate,,github_starred
starred_external,,coqui-ai/tts,,—,✅,,,UNASSESSED,external_candidate,,github_starred
starred_external,,corentinth/it-tools,,—,✅,,,UNASSESSED,external_candidate,,github_starred
starred_external,,coreyhaines31/marketingskills,,—,✅,,,UNASSESSED,external_candidate,,github_starred
starred_external,,cporter202/api-mega-list,,—,✅,,,UNASSESSED,external_candidate,,github_starred
starred_external,,cporter202/automate-faceless-content,,—,✅,,,UNASSESSED,external_candidate,,github_starred
starred_external,,crawlseo/crawlseo,,—,✅,,,UNASSESSED,external_candidate,,github_starred
starred_external,,crewaiinc/crewai,,—,✅,,,UNASSESSED,external_candidate,,github_starred
starred_external,,crosstalk-solutions/project-nomad,,—,✅,,,UNASSESSED,external_candidate,,github_starred
starred_external,,crshdn/mission-control,,—,✅,,,UNASSESSED,external_candidate,,github_starred
starred_external,,crystaldba/postgres-mcp,,—,✅,,,UNASSESSED,external_candidate,,github_starred
starred_external,,cypherpunkarmory/userland,,—,✅,,,UNASSESSED,external_candidate,,github_starred
starred_external,,czlonkowski/n8n-mcp,,—,✅,,,UNASSESSED,external_candidate,,github_starred
starred_external,,dair-ai/prompt-engineering-guide,,—,✅,,,UNASSESSED,external_candidate,,github_starred
starred_external,,dakshshah96/awesome-startup-credits,,—,✅,,,UNASSESSED,external_candidate,,github_starred
starred_external,,dani-garcia/vaultwarden,,—,✅,,,UNASSESSED,external_candidate,,github_starred
starred_external,,danielmiessler/fabric,,—,✅,,,UNASSESSED,external_candidate,,github_starred
starred_external,,darkzogx/youtube-automation-agent,,—,✅,,,UNASSESSED,external_candidate,,github_starred
starred_external,,dataease/sqlbot,,—,✅,,,UNASSESSED,external_candidate,,github_starred
starred_external,,dataexpert-io/data-engineer-handbook,,—,✅,,,UNASSESSED,external_candidate,,github_starred
starred_external,,datahub-project/datahub,,—,✅,,,UNASSESSED,external_candidate,,github_starred
starred_external,,datalab-to/chandra,,—,✅,,,UNASSESSED,external_candidate,,github_starred
starred_external,,datawhalechina/easy-vibe,,—,✅,,,UNASSESSED,external_candidate,,github_starred
starred_external,,datawhalechina/hello-agents,,—,✅,,,UNASSESSED,external_candidate,,github_starred
starred_external,,davila7/claude-code-templates,,—,✅,,,UNASSESSED,external_candidate,,github_starred
starred_external,,dayuanjiang/next-ai-draw-io,,—,✅,,,UNASSESSED,external_candidate,,github_starred
starred_external,,dbeaver/dbeaver,,—,✅,,,UNASSESSED,external_candidate,,github_starred
starred_external,,dbt-labs/dbt-core,,—,✅,,,UNASSESSED,external_candidate,,github_starred
starred_external,,dchristl/macless-haystack,,—,✅,,,UNASSESSED,external_candidate,,github_starred
starred_external,,decentraland/marketplace,,—,✅,,,UNASSESSED,external_candidate,,github_starred
starred_external,,decolua/9router,,—,✅,,,UNASSESSED,external_candidate,,github_starred
starred_external,,deepseek-ai/deepseek-harness,,—,✅,,,UNASSESSED,external_candidate,,github_starred
starred_external,,deepseek-ai/deepseek-ocr,,—,✅,,,UNASSESSED,external_candidate,,github_starred
starred_external,,deepset-ai/haystack,,—,✅,,,UNASSESSED,external_candidate,,github_starred
starred_external,,dembrandt/dembrandt,,—,✅,,,UNASSESSED,external_candidate,,github_starred
starred_external,,deskree-inc/blok,,—,✅,,,UNASSESSED,external_candidate,,github_starred
starred_external,,deusdata/codebase-memory-mcp,,—,✅,,,UNASSESSED,external_candidate,,github_starred
starred_external,,devlikeapro/waha,,—,✅,,,UNASSESSED,external_candidate,,github_starred
starred_external,,devspace/awesome-github-templates,,—,✅,,,UNASSESSED,external_candidate,,github_starred
starred_external,,dgtlmoon/changedetection.io,,—,✅,,,UNASSESSED,external_candidate,,github_starred
starred_external,,dhamaniasad/headlessbrowsers,,—,✅,,,UNASSESSED,external_candidate,,github_starred
starred_external,,diegoceccarelli/json-wikipedia,,—,✅,,,UNASSESSED,external_candidate,,github_starred
starred_external,,diegosouzapw/omniglyph,,—,✅,,,UNASSESSED,external_candidate,,github_starred
starred_external,,diegosouzapw/omniroute,,—,✅,,,UNASSESSED,external_candidate,,github_starred
starred_external,,dietrichgebert/ponytail,,—,✅,,,UNASSESSED,external_candidate,,github_starred
starred_external,,digitalplatdev/freedomain,,—,✅,,,UNASSESSED,external_candidate,,github_starred
starred_external,,diwenne/openreply,,—,✅,,,UNASSESSED,external_candidate,,github_starred
starred_external,,dkhamsing/open-source-ios-apps,,—,✅,,,UNASSESSED,external_candidate,,github_starred
starred_external,,dkyazzentwatwa/supernavigator,,—,✅,,,UNASSESSED,external_candidate,,github_starred
starred_external,,docker/awesome-compose,,—,✅,,,UNASSESSED,external_candidate,,github_starred
starred_external,,docker/mcp-registry,,—,✅,,,UNASSESSED,external_candidate,,github_starred
starred_external,,docling-project/docling,,—,✅,,,UNASSESSED,external_candidate,,github_starred
starred_external,,documenso/documenso,,—,✅,,,UNASSESSED,external_candidate,,github_starred
starred_external,,docusealco/docuseal,,—,✅,,,UNASSESSED,external_candidate,,github_starred
starred_external,,donchitos/claude-code-game-studios,,—,✅,,,UNASSESSED,external_candidate,,github_starred
starred_external,,dongdongbh/mindwtr,,—,✅,,,UNASSESSED,external_candidate,,github_starred
starred_external,,dopplerhq/awesome-interview-questions,,—,✅,,,UNASSESSED,external_candidate,,github_starred
starred_external,,dovamir/awesome-design-patterns,,—,✅,,,UNASSESSED,external_candidate,,github_starred
starred_external,,draculabo/antigravitymanager,,—,✅,,,UNASSESSED,external_candidate,,github_starred
starred_external,,drawdb-io/drawdb,,—,✅,,,UNASSESSED,external_candidate,,github_starred
starred_external,,drewthomasson/ebook2audiobook,,—,✅,,,UNASSESSED,external_candidate,,github_starred
starred_external,,drizzle-team/drizzle-kit-mirror,,—,✅,,,UNASSESSED,external_candidate,,github_starred
starred_external,,drizzle-team/drizzle-orm,,—,✅,,,UNASSESSED,external_candidate,,github_starred
starred_external,,droidrun/mobilerun,,—,✅,,,UNASSESSED,external_candidate,,github_starred
starred_external,,dtyq/magic,,—,✅,,,UNASSESSED,external_candidate,,github_starred
starred_external,,duixcom/duix-avatar,,—,✅,,,UNASSESSED,external_candidate,,github_starred
starred_external,,dyad-sh/dyad,,—,✅,,,UNASSESSED,external_candidate,,github_starred
starred_external,,dypsilon/frontend-dev-bookmarks,,—,✅,,,UNASSESSED,external_candidate,,github_starred
starred_external,,e2b-dev/awesome-ai-agents,,—,✅,,,UNASSESSED,external_candidate,,github_starred
starred_external,,earendil-works/pi,,—,✅,,,UNASSESSED,external_candidate,,github_starred
starred_external,,ebookfoundation/free-programming-books,,—,✅,,,UNASSESSED,external_candidate,,github_starred
starred_external,,egonex-ai/understand-anything,,—,✅,,,UNASSESSED,external_candidate,,github_starred
starred_external,,eigent-ai/eigent,,—,✅,,,UNASSESSED,external_candidate,,github_starred
starred_external,,elder-plinius/glossopetrae,,—,✅,,,UNASSESSED,external_candidate,,github_starred
starred_external,,elder-plinius/l1b3rt4s,,—,✅,,,UNASSESSED,external_candidate,,github_starred
starred_external,,elder-plinius/obliteratus,,—,✅,,,UNASSESSED,external_candidate,,github_starred
starred_external,,elementalsouls/claude-osint,,—,✅,,,UNASSESSED,external_candidate,,github_starred
starred_external,,emcie-co/parlant,,—,✅,,,UNASSESSED,external_candidate,,github_starred
starred_external,,enaqx/awesome-react,,—,✅,,,UNASSESSED,external_candidate,,github_starred
starred_external,,endurain-project/endurain,,—,✅,,,UNASSESSED,external_candidate,,github_starred
starred_external,,enescingoz/awesome-n8n-templates,,—,✅,,,UNASSESSED,external_candidate,,github_starred
starred_external,,engineer1999/a-curated-list-of-ml-system-design-case-studies,,—,✅,,,UNASSESSED,external_candidate,,github_starred
starred_external,,eseckel/ai-for-grant-writing,,—,✅,,,UNASSESSED,external_candidate,,github_starred
starred_external,,etlcpp/etl,,—,✅,,,UNASSESSED,external_candidate,,github_starred
starred_external,,eugeniughelbur/obsidian-second-brain,,—,✅,,,UNASSESSED,external_candidate,,github_starred
starred_external,,evanthomasluke/awesome-ai-hacking-agents,,—,✅,,,UNASSESSED,external_candidate,,github_starred
starred_external,,evershopcommerce/evershop,,—,✅,,,UNASSESSED,external_candidate,,github_starred
starred_external,,every-app/open-seo,,—,✅,,,UNASSESSED,external_candidate,,github_starred
starred_external,,evoiz/agentic-design-patterns,,—,✅,,,UNASSESSED,external_candidate,,github_starred
starred_external,,evomap/evolver,,—,✅,,,UNASSESSED,external_candidate,,github_starred
starred_external,,excalidraw/excalidraw,,—,✅,,,UNASSESSED,external_candidate,,github_starred
starred_external,,exo-explore/exo,,—,✅,,,UNASSESSED,external_candidate,,github_starred
starred_external,,external-secrets/external-secrets,,—,✅,,,UNASSESSED,external_candidate,,github_starred
starred_external,,f/prompts.chat,,—,✅,,,UNASSESSED,external_candidate,,github_starred
starred_external,,facebook/zstd,,—,✅,,,UNASSESSED,external_candidate,,github_starred
starred_external,,facebookresearch/drqa,,—,✅,,,UNASSESSED,external_candidate,,github_starred
starred_external,,fareedkhan-dev/kimi-k3-in-c,,—,✅,,,UNASSESSED,external_candidate,,github_starred
starred_external,,fareedkhan-dev/production-grade-agentic-system,,—,✅,,,UNASSESSED,external_candidate,,github_starred
starred_external,,fastapi/full-stack-fastapi-template,,—,✅,,,UNASSESSED,external_candidate,,github_starred
starred_external,,fathah/hermes-desktop,,—,✅,,,UNASSESSED,external_candidate,,github_starred
starred_external,,feremabraz/bloomberg-terminal,,—,✅,,,UNASSESSED,external_candidate,,github_starred
starred_external,,ferroxlabs/wayland,,—,✅,,,UNASSESSED,external_candidate,,github_starred
starred_external,,fincept-corporation/finceptterminal,,—,✅,,,UNASSESSED,external_candidate,,github_starred
starred_external,,finnhub-stock-api/finnhub-python,,—,✅,,,UNASSESSED,external_candidate,,github_starred
starred_external,,firecrawl/firecrawl,,—,✅,,,UNASSESSED,external_candidate,,github_starred
starred_external,,firecrawl/open-lovable,,—,✅,,,UNASSESSED,external_candidate,,github_starred
starred_external,,firecrawl/open-scouts,,—,✅,,,UNASSESSED,external_candidate,,github_starred
starred_external,,fishaudio/fish-speech,,—,✅,,,UNASSESSED,external_candidate,,github_starred
starred_external,,floci-io/floci,,—,✅,,,UNASSESSED,external_candidate,,github_starred
starred_external,,florinpop17/app-ideas,,—,✅,,,UNASSESSED,external_candidate,,github_starred
starred_external,,fosowl/agenticseek,,—,✅,,,UNASSESSED,external_candidate,,github_starred
starred_external,,foundationagents/openmanus,,—,✅,,,UNASSESSED,external_candidate,,github_starred
starred_external,,frappe/erpnext,,—,✅,,,UNASSESSED,external_candidate,,github_starred
starred_external,,free-tv/iptv,,—,✅,,,UNASSESSED,external_candidate,,github_starred
starred_external,,fsoft-ai4code/codewiki,,—,✅,,,UNASSESSED,external_candidate,,github_starred
starred_external,,fujiwarachoki/moneyprinterv2,,—,✅,,,UNASSESSED,external_candidate,,github_starred
starred_external,,future-agi/future-agi,,—,✅,,,UNASSESSED,external_candidate,,github_starred
starred_external,,garrytan/gbrain,,—,✅,,,UNASSESSED,external_candidate,,github_starred
starred_external,,gastownhall/beads,,—,✅,,,UNASSESSED,external_candidate,,github_starred
starred_external,,geeeekexplorer/nano-vllm,,—,✅,,,UNASSESSED,external_candidate,,github_starred
starred_external,,gentleman-programming/engram,,—,✅,,,UNASSESSED,external_candidate,,github_starred
starred_external,,get-convex/chef,,—,✅,,,UNASSESSED,external_candidate,,github_starred
starred_external,,get-convex/convex-backend,,—,✅,,,UNASSESSED,external_candidate,,github_starred
starred_external,,getpaseo/paseo,,—,✅,,,UNASSESSED,external_candidate,,github_starred
starred_external,,getsentry/sentry,,—,✅,,,UNASSESSED,external_candidate,,github_starred
starred_external,,getzep/graphiti,,—,✅,,,UNASSESSED,external_candidate,,github_starred
starred_external,,ggml-org/llama.cpp,,—,✅,,,UNASSESSED,external_candidate,,github_starred
starred_external,,giancarloerra/socraticode,,—,✅,,,UNASSESSED,external_candidate,,github_starred
starred_external,,github/gh-aw-mcpg,,—,✅,,,UNASSESSED,external_candidate,,github_starred
starred_external,,github/spec-kit,,—,✅,,,UNASSESSED,external_candidate,,github_starred
starred_external,,gitroomhq/postiz-app,,—,✅,,,UNASSESSED,external_candidate,,github_starred
starred_external,,gkurt/tegaki,,—,✅,,,UNASSESSED,external_candidate,,github_starred
starred_external,,glide-browser/glide,,—,✅,,,UNASSESSED,external_candidate,,github_starred
starred_external,,gnekt/my-brain-is-full-crew,,—,✅,,,UNASSESSED,external_candidate,,github_starred
starred_external,,gokumohandas/made-with-ml,,—,✅,,,UNASSESSED,external_candidate,,github_starred
starred_external,,goldsmith/wikipedia,,—,✅,,,UNASSESSED,external_candidate,,github_starred
starred_external,,google-agentic-commerce/ap2,,—,✅,,,UNASSESSED,external_candidate,,github_starred
starred_external,,google-ai-edge/gallery,,—,✅,,,UNASSESSED,external_candidate,,github_starred
starred_external,,google-coral/coralnpu,,—,✅,,,UNASSESSED,external_candidate,,github_starred
starred_external,,google-gemini/nano-banana-hackathon-kit,,—,✅,,,UNASSESSED,external_candidate,,github_starred
starred_external,,google-labs-code/design.md,,—,✅,,,UNASSESSED,external_candidate,,github_starred
starred_external,,google-research/timesfm,,—,✅,,,UNASSESSED,external_candidate,,github_starred
starred_external,,google/adk-go,,—,✅,,,UNASSESSED,external_candidate,,github_starred
starred_external,,google/adk-samples,,—,✅,,,UNASSESSED,external_candidate,,github_starred
starred_external,,google/langextract,,—,✅,,,UNASSESSED,external_candidate,,github_starred
starred_external,,google/magika,,—,✅,,,UNASSESSED,external_candidate,,github_starred
starred_external,,google/tunix,,—,✅,,,UNASSESSED,external_candidate,,github_starred
starred_external,,googleapis/mcp-toolbox,,—,✅,,,UNASSESSED,external_candidate,,github_starred
starred_external,,googlecloudplatform/agent-starter-pack,,—,✅,,,UNASSESSED,external_candidate,,github_starred
starred_external,,gorvgoyl/clone-wars,,—,✅,,,UNASSESSED,external_candidate,,github_starred
starred_external,,gouryella/drip,,—,✅,,,UNASSESSED,external_candidate,,github_starred
starred_external,,grafana/grafana,,—,✅,,,UNASSESSED,external_candidate,,github_starred
starred_external,,grafana/k6,,—,✅,,,UNASSESSED,external_candidate,,github_starred
starred_external,,grafana/loki,,—,✅,,,UNASSESSED,external_candidate,,github_starred
starred_external,,graphify-labs/graphify,,—,✅,,,UNASSESSED,external_candidate,,github_starred
starred_external,,graphile/starter,,—,✅,,,UNASSESSED,external_candidate,,github_starred
starred_external,,graphql/graphql.github.io,,—,✅,,,UNASSESSED,external_candidate,,github_starred
starred_external,,gsd-build/get-shit-done,,—,✅,,,UNASSESSED,external_candidate,,github_starred
starred_external,,gyoridavid/ai_agents_az,,—,✅,,,UNASSESSED,external_candidate,,github_starred
starred_external,,ha3mrx/facebook-cracker,,—,✅,,,UNASSESSED,external_candidate,,github_starred
starred_external,,ha3mrx/instabrute,,—,✅,,,UNASSESSED,external_candidate,,github_starred
starred_external,,hack-with-github/awesome-hacking,,—,✅,,,UNASSESSED,external_candidate,,github_starred
starred_external,,hacker0x01/hacker101,,—,✅,,,UNASSESSED,external_candidate,,github_starred
starred_external,,hacksider/deep-live-cam,,—,✅,,,UNASSESSED,external_candidate,,github_starred
starred_external,,hainrixz/the-architect,,—,✅,,,UNASSESSED,external_candidate,,github_starred
starred_external,,hangsman/claude-code-source,,—,✅,,,UNASSESSED,external_candidate,,github_starred
starred_external,,hardikpandya/stop-slop,,—,✅,,,UNASSESSED,external_candidate,,github_starred
starred_external,,harry0703/moneyprinterturbo,,—,✅,,,UNASSESSED,external_candidate,,github_starred
starred_external,,harvard-edge/cs249r_book,,—,✅,,,UNASSESSED,external_candidate,,github_starred
starred_external,,hasaneyldrm/exercises-dataset,,—,✅,,,UNASSESSED,external_candidate,,github_starred
starred_external,,hashicorp/terraform,,—,✅,,,UNASSESSED,external_candidate,,github_starred
starred_external,,hashicorp/terraform-provider-aws,,—,✅,,,UNASSESSED,external_candidate,,github_starred
starred_external,,hcengineering/platform,,—,✅,,,UNASSESSED,external_candidate,,github_starred
starred_external,,headroomlabs-ai/headroom,,—,✅,,,UNASSESSED,external_candidate,,github_starred
starred_external,,herdrdev/herdr,,—,✅,,,UNASSESSED,external_candidate,,github_starred
starred_external,,hesamsheikh/awesome-openclaw-usecases,,—,✅,,,UNASSESSED,external_candidate,,github_starred
starred_external,,hesreallyhim/awesome-claude-code,,—,✅,,,UNASSESSED,external_candidate,,github_starred
starred_external,,hexsecteam/hexsecgpt,,—,✅,,,UNASSESSED,external_candidate,,github_starred
starred_external,,heyputer/puter,,—,✅,,,UNASSESSED,external_candidate,,github_starred
starred_external,,hkuds/ai-trader,,—,✅,,,UNASSESSED,external_candidate,,github_starred
starred_external,,hkuds/clawwork,,—,✅,,,UNASSESSED,external_candidate,,github_starred
starred_external,,hkuds/deepcode,,—,✅,,,UNASSESSED,external_candidate,,github_starred
starred_external,,hkuds/deeptutor,,—,✅,,,UNASSESSED,external_candidate,,github_starred
starred_external,,hkuds/lightrag,,—,✅,,,UNASSESSED,external_candidate,,github_starred
starred_external,,hkuds/rag-anything,,—,✅,,,UNASSESSED,external_candidate,,github_starred
starred_external,,hkuds/vibe-trading,,—,✅,,,UNASSESSED,external_candidate,,github_starred
starred_external,,hkuds/vimax,,—,✅,,,UNASSESSED,external_candidate,,github_starred
starred_external,,hoppscotch/hoppscotch,,—,✅,,,UNASSESSED,external_candidate,,github_starred
starred_external,,hsliuping/tradingagents-cn,,—,✅,,,UNASSESSED,external_candidate,,github_starred
starred_external,,hubeiqiao/apple-bento-grid,,—,✅,,,UNASSESSED,external_candidate,,github_starred
starred_external,,huggingface/agents-course,,—,✅,,,UNASSESSED,external_candidate,,github_starred
starred_external,,huggingface/aisheets,,—,✅,,,UNASSESSED,external_candidate,,github_starred
starred_external,,huggingface/chat-ui,,—,✅,,,UNASSESSED,external_candidate,,github_starred
starred_external,,huggingface/smol2operator,,—,✅,,,UNASSESSED,external_candidate,,github_starred
starred_external,,hugohe3/ppt-master,,—,✅,,,UNASSESSED,external_candidate,,github_starred
starred_external,,humanlayer/12-factor-agents,,—,✅,,,UNASSESSED,external_candidate,,github_starred
starred_external,,humanlayer/humanlayer,,—,✅,,,UNASSESSED,external_candidate,,github_starred
starred_external,,iam-veeramalla/aws-devops-zero-to-hero,,—,✅,,,UNASSESSED,external_candidate,,github_starred
starred_external,,idosal/git-mcp,,—,✅,,,UNASSESSED,external_candidate,,github_starred
starred_external,,iii-hq/iii,,—,✅,,,UNASSESSED,external_candidate,,github_starred
starred_external,,imbad0202/academic-research-skills,,—,✅,,,UNASSESSED,external_candidate,,github_starred
starred_external,,immich-app/immich,,—,✅,,,UNASSESSED,external_candidate,,github_starred
starred_external,,imsnif/diskonaut,,—,✅,,,UNASSESSED,external_candidate,,github_starred
starred_external,,imthenachoman/how-to-secure-a-linux-server,,—,✅,,,UNASSESSED,external_candidate,,github_starred
starred_external,,infisical/infisical,,—,✅,,,UNASSESSED,external_candidate,,github_starred
starred_external,,inkeep/open-knowledge,,—,✅,,,UNASSESSED,external_candidate,,github_starred
starred_external,,insforge/insforge,,—,✅,,,UNASSESSED,external_candidate,,github_starred
starred_external,,interviewstreet/hiring-agent,,—,✅,,,UNASSESSED,external_candidate,,github_starred
starred_external,,inulute/unlim-cloud,,—,✅,,,UNASSESSED,external_candidate,,github_starred
starred_external,,iofficeai/aionui,,—,✅,,,UNASSESSED,external_candidate,,github_starred
starred_external,,iofficeai/officecli,,—,✅,,,UNASSESSED,external_candidate,,github_starred
starred_external,,itsowen/cyberscraper-2077,,—,✅,,,UNASSESSED,external_candidate,,github_starred
starred_external,,itusiai/mokersaas,,—,✅,,,UNASSESSED,external_candidate,,github_starred
starred_external,,itzcrazykns/vane,,—,✅,,,UNASSESSED,external_candidate,,github_starred
starred_external,,ixartz/next-js-boilerplate,,—,✅,,,UNASSESSED,external_candidate,,github_starred
starred_external,,jakubkrehel/skills,,—,✅,,,UNASSESSED,external_candidate,,github_starred
starred_external,,janhq/jan,,—,✅,,,UNASSESSED,external_candidate,,github_starred
starred_external,,jarrodwatts/claude-hud,,—,✅,,,UNASSESSED,external_candidate,,github_starred
starred_external,,jaywcjlove/awesome-mac,,—,✅,,,UNASSESSED,external_candidate,,github_starred
starred_external,,jcodesmore/ai-website-cloner-template,,—,✅,,,UNASSESSED,external_candidate,,github_starred
starred_external,,jellyfin/jellyfin,,—,✅,,,UNASSESSED,external_candidate,,github_starred
starred_external,,jesseduffield/lazydocker,,—,✅,,,UNASSESSED,external_candidate,,github_starred
starred_external,,jesseduffield/lazygit,,—,✅,,,UNASSESSED,external_candidate,,github_starred
starred_external,,jetbrains/koog,,—,✅,,,UNASSESSED,external_candidate,,github_starred
starred_external,,jgm/pandoc,,—,✅,,,UNASSESSED,external_candidate,,github_starred
starred_external,,jingyaogong/minimind,,—,✅,,,UNASSESSED,external_candidate,,github_starred
starred_external,,jlevy/the-art-of-command-line,,—,✅,,,UNASSESSED,external_candidate,,github_starred
starred_external,,jnsahaj/tweakcn,,—,✅,,,UNASSESSED,external_candidate,,github_starred
starred_external,,jonradoff/lastsaas,,—,✅,,,UNASSESSED,external_candidate,,github_starred
starred_external,,jpmorganchase/python-training,,—,✅,,,UNASSESSED,external_candidate,,github_starred
starred_external,,jsvine/pdfplumber,,—,✅,,,UNASSESSED,external_candidate,,github_starred
starred_external,,jtangen/classbuild,,—,✅,,,UNASSESSED,external_candidate,,github_starred
starred_external,,juanfont/headscale,,—,✅,,,UNASSESSED,external_candidate,,github_starred
starred_external,,juliusbrussee/caveman,,—,✅,,,UNASSESSED,external_candidate,,github_starred
starred_external,,juspay/hyperswitch,,—,✅,,,UNASSESSED,external_candidate,,github_starred
starred_external,,justvugg/colibri,,—,✅,,,UNASSESSED,external_candidate,,github_starred
starred_external,,jwasham/coding-interview-university,,—,✅,,,UNASSESSED,external_candidate,,github_starred
starred_external,,k2-fsa/sherpa-onnx,,—,✅,,,UNASSESSED,external_candidate,,github_starred
starred_external,,kappaemme-git/codex-first-customer-finder-skill,,—,✅,,,UNASSESSED,external_candidate,,github_starred
starred_external,,karakeep-app/karakeep,,—,✅,,,UNASSESSED,external_candidate,,github_starred
starred_external,,karpathy/autoresearch,,—,✅,,,UNASSESSED,external_candidate,,github_starred
starred_external,,karpathy/convnetjs,,—,✅,,,UNASSESSED,external_candidate,,github_starred
starred_external,,karpathy/llm-council,,—,✅,,,UNASSESSED,external_candidate,,github_starred
starred_external,,karpathy/micrograd,,—,✅,,,UNASSESSED,external_candidate,,github_starred
starred_external,,karpathy/nanochat,,—,✅,,,UNASSESSED,external_candidate,,github_starred
starred_external,,karpathy/nanogpt,,—,✅,,,UNASSESSED,external_candidate,,github_starred
starred_external,,karpathy/nn-zero-to-hero,,—,✅,,,UNASSESSED,external_candidate,,github_starred
starred_external,,kepano/obsidian-skills,,—,✅,,,UNASSESSED,external_candidate,,github_starred
starred_external,,kestra-io/kestra,,—,✅,,,UNASSESSED,external_candidate,,github_starred
starred_external,,keycloak/keycloak,,—,✅,,,UNASSESSED,external_candidate,,github_starred
starred_external,,keygraphhq/shannon,,—,✅,,,UNASSESSED,external_candidate,,github_starred
starred_external,,khuedoan/homelab,,—,✅,,,UNASSESSED,external_candidate,,github_starred
starred_external,,kiryano/scout,,—,✅,,,UNASSESSED,external_candidate,,github_starred
starred_external,,klavis-ai/klavis,,—,✅,,,UNASSESSED,external_candidate,,github_starred
starred_external,,knadh/listmonk,,—,✅,,,UNASSESSED,external_candidate,,github_starred
starred_external,,koala73/worldmonitor,,—,✅,,,UNASSESSED,external_candidate,,github_starred
starred_external,,kohei-wada/taskdog,,—,✅,,,UNASSESSED,external_candidate,,github_starred
starred_external,,kong/kong,,—,✅,,,UNASSESSED,external_candidate,,github_starred
starred_external,,kortix-ai/suna,,—,✅,,,UNASSESSED,external_candidate,,github_starred
starred_external,,kubernetes-sigs/kustomize,,—,✅,,,UNASSESSED,external_candidate,,github_starred
starred_external,,kuberwastaken/claurst,,—,✅,,,UNASSESSED,external_candidate,,github_starred
starred_external,,kunchenguid/no-mistakes,,—,✅,,,UNASSESSED,external_candidate,,github_starred
starred_external,,kvcache-ai/ktransformers,,—,✅,,,UNASSESSED,external_candidate,,github_starred
starred_external,,labring/fastgpt,,—,✅,,,UNASSESSED,external_candidate,,github_starred
starred_external,,ladybirdbrowser/ladybird,,—,✅,,,UNASSESSED,external_candidate,,github_starred
starred_external,,langchain-ai/langchainjs,,—,✅,,,UNASSESSED,external_candidate,,github_starred
starred_external,,langchain-ai/langgraph,,—,✅,,,UNASSESSED,external_candidate,,github_starred
starred_external,,langchain-ai/open-swe,,—,✅,,,UNASSESSED,external_candidate,,github_starred
starred_external,,langchain-ai/openwork,,—,✅,,,UNASSESSED,external_candidate,,github_starred
starred_external,,langfuse/langfuse,,—,✅,,,UNASSESSED,external_candidate,,github_starred
starred_external,,langgenius/dify,,—,✅,,,UNASSESSED,external_candidate,,github_starred
starred_external,,lbjlaq/antigravity-manager,,—,✅,,,UNASSESSED,external_candidate,,github_starred
starred_external,,leantime/leantime,,—,✅,,,UNASSESSED,external_candidate,,github_starred
starred_external,,lemonade-sdk/lemonade,,—,✅,,,UNASSESSED,external_candidate,,github_starred
starred_external,,leonxlnx/taste-skill,,—,✅,,,UNASSESSED,external_candidate,,github_starred
starred_external,,levineam/qmd-skill,,—,✅,,,UNASSESSED,external_candidate,,github_starred
starred_external,,lfnovo/open-notebook,,—,✅,,,UNASSESSED,external_candidate,,github_starred
starred_external,,libsdl-org/sdl,,—,✅,,,UNASSESSED,external_candidate,,github_starred
starred_external,,lightpanda-io/browser,,—,✅,,,UNASSESSED,external_candidate,,github_starred
starred_external,,lima-vm/lima,,—,✅,,,UNASSESSED,external_candidate,,github_starred
starred_external,,linshenkx/prompt-optimizer,,—,✅,,,UNASSESSED,external_candidate,,github_starred
starred_external,,liquidslr/leetcode-company-wise-problems,,—,✅,,,UNASSESSED,external_candidate,,github_starred
starred_external,,lissy93/web-check,,—,✅,,,UNASSESSED,external_candidate,,github_starred
starred_external,,liweiyi88/onedump,,—,✅,,,UNASSESSED,external_candidate,,github_starred
starred_external,,llmquant/quant-mind,,—,✅,,,UNASSESSED,external_candidate,,github_starred
starred_external,,lmcache/lmcache,,—,✅,,,UNASSESSED,external_candidate,,github_starred
starred_external,,lobehub/lobehub,,—,✅,,,UNASSESSED,external_candidate,,github_starred
starred_external,,localstack/localstack,,—,✅,,,UNASSESSED,external_candidate,,github_starred
starred_external,,longbridge/gpui-component,,—,✅,,,UNASSESSED,external_candidate,,github_starred
starred_external,,louis-e/arnis,,—,✅,,,UNASSESSED,external_candidate,,github_starred
starred_external,,lsdefine/genericagent,,—,✅,,,UNASSESSED,external_candidate,,github_starred
starred_external,,lucidrains/performer-pytorch,,—,✅,,,UNASSESSED,external_candidate,,github_starred
starred_external,,luongnv89/claude-howto,,—,✅,,,UNASSESSED,external_candidate,,github_starred
starred_external,,lvgl/lvgl,,—,✅,,,UNASSESSED,external_candidate,,github_starred
starred_external,,madslorentzen/ai-job-search,,—,✅,,,UNASSESSED,external_candidate,,github_starred
starred_external,,makeplane/plane,,—,✅,,,UNASSESSED,external_candidate,,github_starred
starred_external,,managedcode/prompterone,,—,✅,,,UNASSESSED,external_candidate,,github_starred
starred_external,,manavarya09/design-extract,,—,✅,,,UNASSESSED,external_candidate,,github_starred
starred_external,,mark3labs/mcp-go,,—,✅,,,UNASSESSED,external_candidate,,github_starred
starred_external,,marketingtoolslist/awesome-marketing,,—,✅,,,UNASSESSED,external_candidate,,github_starred
starred_external,,massive-com/client-python,,—,✅,,,UNASSESSED,external_candidate,,github_starred
starred_external,,mathworks-robotics/awesome-matlab-robotics,,—,✅,,,UNASSESSED,external_candidate,,github_starred
starred_external,,mattermost/mattermost,,—,✅,,,UNASSESSED,external_candidate,,github_starred
starred_external,,mattpocock/skills,,—,✅,,,UNASSESSED,external_candidate,,github_starred
starred_external,,medusajs/medusa,,—,✅,,,UNASSESSED,external_candidate,,github_starred
starred_external,,megadose/holehe,,—,✅,,,UNASSESSED,external_candidate,,github_starred
starred_external,,meilisearch/meilisearch,,—,✅,,,UNASSESSED,external_candidate,,github_starred
starred_external,,mem0ai/mem0,,—,✅,,,UNASSESSED,external_candidate,,github_starred
starred_external,,memorilabs/memori,,—,✅,,,UNASSESSED,external_candidate,,github_starred
starred_external,,meshtastic/firmware,,—,✅,,,UNASSESSED,external_candidate,,github_starred
starred_external,,michiganrobotics/rob311,,—,✅,,,UNASSESSED,external_candidate,,github_starred
starred_external,,microsoft/agent-framework,,—,✅,,,UNASSESSED,external_candidate,,github_starred
starred_external,,microsoft/agent-lightning,,—,✅,,,UNASSESSED,external_candidate,,github_starred
starred_external,,microsoft/ai-agents-for-beginners,,—,✅,,,UNASSESSED,external_candidate,,github_starred
starred_external,,microsoft/autogen,,—,✅,,,UNASSESSED,external_candidate,,github_starred
starred_external,,microsoft/bitnet,,—,✅,,,UNASSESSED,external_candidate,,github_starred
starred_external,,microsoft/call-center-ai,,—,✅,,,UNASSESSED,external_candidate,,github_starred
starred_external,,microsoft/markitdown,,—,✅,,,UNASSESSED,external_candidate,,github_starred
starred_external,,microsoft/mcp-for-beginners,,—,✅,,,UNASSESSED,external_candidate,,github_starred
starred_external,,microsoft/poml,,—,✅,,,UNASSESSED,external_candidate,,github_starred
starred_external,,microsoft/qlib,,—,✅,,,UNASSESSED,external_candidate,,github_starred
starred_external,,microsoft/skillopt,,—,✅,,,UNASSESSED,external_candidate,,github_starred
starred_external,,microsoft/web-dev-for-beginners,,—,✅,,,UNASSESSED,external_candidate,,github_starred
starred_external,,midday-ai/midday,,—,✅,,,UNASSESSED,external_candidate,,github_starred
starred_external,,midudev/autoskills,,—,✅,,,UNASSESSED,external_candidate,,github_starred
starred_external,,mindsdb/mindshub,,—,✅,,,UNASSESSED,external_candidate,,github_starred
starred_external,,ml-explore/mlx-lm,,—,✅,,,UNASSESSED,external_candidate,,github_starred
starred_external,,modelcontextprotocol/go-sdk,,—,✅,,,UNASSESSED,external_candidate,,github_starred
starred_external,,modelcontextprotocol/registry,,—,✅,,,UNASSESSED,external_candidate,,github_starred
starred_external,,modernrelay/omnigraph,,—,✅,,,UNASSESSED,external_candidate,,github_starred
starred_external,,modsetter/surfsense,,—,✅,,,UNASSESSED,external_candidate,,github_starred
starred_external,,moh4696/300-free-resource-websites,,—,✅,,,UNASSESSED,external_candidate,,github_starred
starred_external,,momenbasel/puremac,,—,✅,,,UNASSESSED,external_candidate,,github_starred
starred_external,,moonshotai/kimi-cli,,—,✅,,,UNASSESSED,external_candidate,,github_starred
starred_external,,mountain-loop/yaak,,—,✅,,,UNASSESSED,external_candidate,,github_starred
starred_external,,mrinfinidy/qrcode-pretty,,—,✅,,,UNASSESSED,external_candidate,,github_starred
starred_external,,msitarzewski/agency-agents,,—,✅,,,UNASSESSED,external_candidate,,github_starred
starred_external,,mudler/localai,,—,✅,,,UNASSESSED,external_candidate,,github_starred
starred_external,,mukul975/anthropic-cybersecurity-skills,,—,✅,,,UNASSESSED,external_candidate,,github_starred
starred_external,,multica-ai/andrej-karpathy-skills,,—,✅,,,UNASSESSED,external_candidate,,github_starred
starred_external,,multica-ai/multica,,—,✅,,,UNASSESSED,external_candidate,,github_starred
starred_external,,mungell/awesome-for-beginners,,—,✅,,,UNASSESSED,external_candidate,,github_starred
starred_external,,musana/cf-hero,,—,✅,,,UNASSESSED,external_candidate,,github_starred
starred_external,,musistudio/claude-code-router,,—,✅,,,UNASSESSED,external_candidate,,github_starred
starred_external,,mutonby/shortcast,,—,✅,,,UNASSESSED,external_candidate,,github_starred
starred_external,,mvanhorn/last30days-skill,,—,✅,,,UNASSESSED,external_candidate,,github_starred
starred_external,,n8n-io/n8n,,—,✅,,,UNASSESSED,external_candidate,,github_starred
starred_external,,nanobrowser/nanobrowser,,—,✅,,,UNASSESSED,external_candidate,,github_starred
starred_external,,nanonets/graft,,—,✅,,,UNASSESSED,external_candidate,,github_starred
starred_external,,narkoz/hacker-scripts,,—,✅,,,UNASSESSED,external_candidate,,github_starred
starred_external,,natively-ai-assistant/natively-cluely-ai-assistant,,—,✅,,,UNASSESSED,external_candidate,,github_starred
starred_external,,nats-io/nats-server,,—,✅,,,UNASSESSED,external_candidate,,github_starred
starred_external,,nautechsystems/nautilus_trader,,—,✅,,,UNASSESSED,external_candidate,,github_starred
starred_external,,nektos/act,,—,✅,,,UNASSESSED,external_candidate,,github_starred
starred_external,,neo4j/neo4j,,—,✅,,,UNASSESSED,external_candidate,,github_starred
starred_external,,nesquena/hermes-webui,,—,✅,,,UNASSESSED,external_candidate,,github_starred
starred_external,,netbirdio/netbird,,—,✅,,,UNASSESSED,external_candidate,,github_starred
starred_external,,nevamind-ai/memu,,—,✅,,,UNASSESSED,external_candidate,,github_starred
starred_external,,nextacular/nextacular,,—,✅,,,UNASSESSED,external_candidate,,github_starred
starred_external,,nextcloud/server,,—,✅,,,UNASSESSED,external_candidate,,github_starred
starred_external,,nextjs/saas-starter,,—,✅,,,UNASSESSED,external_candidate,,github_starred
starred_external,,nextlevelbuilder/ui-ux-pro-max-skill,,—,✅,,,UNASSESSED,external_candidate,,github_starred
starred_external,,nexu-io/open-design,,—,✅,,,UNASSESSED,external_candidate,,github_starred
starred_external,,nexus-jpf/note-companion,,—,✅,,,UNASSESSED,external_candidate,,github_starred
starred_external,,nginxproxymanager/nginx-proxy-manager,,—,✅,,,UNASSESSED,external_candidate,,github_starred
starred_external,,nicobailon/visual-explainer,,—,✅,,,UNASSESSED,external_candidate,,github_starred
starred_external,,nighttrek/software-planning-mcp,,—,✅,,,UNASSESSED,external_candidate,,github_starred
starred_external,,nilbuild/developer-roadmap,,—,✅,,,UNASSESSED,external_candidate,,github_starred
starred_external,,niroshan-k/bayesian-credit-risk-engine,,—,✅,,,UNASSESSED,external_candidate,,github_starred
starred_external,,nitrojs/nitro,,—,✅,,,UNASSESSED,external_candidate,,github_starred
starred_external,,njerschow/textme,,—,✅,,,UNASSESSED,external_candidate,,github_starred
starred_external,,nocobase/nocobase,,—,✅,,,UNASSESSED,external_candidate,,github_starred
starred_external,,nocodb/nocodb,,—,✅,,,UNASSESSED,external_candidate,,github_starred
starred_external,,node-red/node-red,,—,✅,,,UNASSESSED,external_candidate,,github_starred
starred_external,,nomic-ai/gpt4all,,—,✅,,,UNASSESSED,external_candidate,,github_starred
starred_external,,nousresearch/hermes-agent,,—,✅,,,UNASSESSED,external_candidate,,github_starred
starred_external,,novuhq/novu,,—,✅,,,UNASSESSED,external_candidate,,github_starred
starred_external,,nowork-studio/notfair-plugin,,—,✅,,,UNASSESSED,external_candidate,,github_starred
starred_external,,numman-ali/cc-mirror,,—,✅,,,UNASSESSED,external_candidate,,github_starred
starred_external,,nutlope/self.so,,—,✅,,,UNASSESSED,external_candidate,,github_starred
starred_external,,nvidia-ai-blueprints/retail-agentic-commerce,,—,✅,,,UNASSESSED,external_candidate,,github_starred
starred_external,,nvidia-merlin/models,,—,✅,,,UNASSESSED,external_candidate,,github_starred
starred_external,,nvidia/cuml,,—,✅,,,UNASSESSED,external_candidate,,github_starred
starred_external,,nvidia/cuvs,,—,✅,,,UNASSESSED,external_candidate,,github_starred
starred_external,,nvidia/raft,,—,✅,,,UNASSESSED,external_candidate,,github_starred
starred_external,,nvlabs/sana,,—,✅,,,UNASSESSED,external_candidate,,github_starred
starred_external,,nvm-sh/nvm,,—,✅,,,UNASSESSED,external_candidate,,github_starred
starred_external,,oauth2-proxy/oauth2-proxy,,—,✅,,,UNASSESSED,external_candidate,,github_starred
starred_external,,obra/superpowers,,—,✅,,,UNASSESSED,external_candidate,,github_starred
starred_external,,odoo/odoo,,—,✅,,,UNASSESSED,external_candidate,,github_starred
starred_external,,odysseus-dev/odysseus,,—,✅,,,UNASSESSED,external_candidate,,github_starred
starred_external,,olelehmann1337/autoresearch-skill,,—,✅,,,UNASSESSED,external_candidate,,github_starred
starred_external,,ollama/ollama,,—,✅,,,UNASSESSED,external_candidate,,github_starred
starred_external,,omnara-ai/omnara,,—,✅,,,UNASSESSED,external_candidate,,github_starred
starred_external,,once-ui-system/cli,,—,✅,,,UNASSESSED,external_candidate,,github_starred
starred_external,,once-ui-system/magic-portfolio,,—,✅,,,UNASSESSED,external_candidate,,github_starred
starred_external,,once-ui-system/nextjs-starter,,—,✅,,,UNASSESSED,external_candidate,,github_starred
starred_external,,onyx-dot-app/onyx,,—,✅,,,UNASSESSED,external_candidate,,github_starred
starred_external,,open-gitagent/opengap,,—,✅,,,UNASSESSED,external_candidate,,github_starred
starred_external,,open-gsd/gsd-core,,—,✅,,,UNASSESSED,external_candidate,,github_starred
starred_external,,open-llm-vtuber/open-llm-vtuber,,—,✅,,,UNASSESSED,external_candidate,,github_starred
starred_external,,open-metadata/openmetadata,,—,✅,,,UNASSESSED,external_candidate,,github_starred
starred_external,,open-telemetry/opentelemetry-collector,,—,✅,,,UNASSESSED,external_candidate,,github_starred
starred_external,,openagentsinc/openagents,,—,✅,,,UNASSESSED,external_candidate,,github_starred
starred_external,,openai/codex,,—,✅,,,UNASSESSED,external_candidate,,github_starred
starred_external,,openai/gpt-oss,,—,✅,,,UNASSESSED,external_candidate,,github_starred
starred_external,,openai/openai-cookbook,,—,✅,,,UNASSESSED,external_candidate,,github_starred
starred_external,,openai/plugins,,—,✅,,,UNASSESSED,external_candidate,,github_starred
starred_external,,openai/symphony,,—,✅,,,UNASSESSED,external_candidate,,github_starred
starred_external,,openbb-finance/openbb,,—,✅,,,UNASSESSED,external_candidate,,github_starred
starred_external,,openbmb/chatdev,,—,✅,,,UNASSESSED,external_candidate,,github_starred
starred_external,,openbmb/minicpm-v,,—,✅,,,UNASSESSED,external_candidate,,github_starred
starred_external,,openbmb/voxcpm,,—,✅,,,UNASSESSED,external_candidate,,github_starred
starred_external,,openclaw/clawhub,,—,✅,,,UNASSESSED,external_candidate,,github_starred
starred_external,,openclaw/openclaw,,—,✅,,,UNASSESSED,external_candidate,,github_starred
starred_external,,openclaw/peekaboo,,—,✅,,,UNASSESSED,external_candidate,,github_starred
starred_external,,opencloud-eu/opencloud,,—,✅,,,UNASSESSED,external_candidate,,github_starred
starred_external,,opencut-app/opencut,,—,✅,,,UNASSESSED,external_candidate,,github_starred
starred_external,,opendatalab/mineru,,—,✅,,,UNASSESSED,external_candidate,,github_starred
starred_external,,opendataloader-project/opendataloader-pdf,,—,✅,,,UNASSESSED,external_candidate,,github_starred
starred_external,,opengeos/qgis-gee-data-catalogs-plugin,,—,✅,,,UNASSESSED,external_candidate,,github_starred
starred_external,,openhackathons-org/gpubootcamp,,—,✅,,,UNASSESSED,external_candidate,,github_starred
starred_external,,openhands/openhands,,—,✅,,,UNASSESSED,external_candidate,,github_starred
starred_external,,openinterpreter/openinterpreter,,—,✅,,,UNASSESSED,external_candidate,,github_starred
starred_external,,openmind/om1,,—,✅,,,UNASSESSED,external_candidate,,github_starred
starred_external,,openobserve/openobserve,,—,✅,,,UNASSESSED,external_candidate,,github_starred
starred_external,,openreplay/openreplay,,—,✅,,,UNASSESSED,external_candidate,,github_starred
starred_external,,opensandbox-group/opensandbox,,—,✅,,,UNASSESSED,external_candidate,,github_starred
starred_external,,orbstack/orbstack,,—,✅,,,UNASSESSED,external_candidate,,github_starred
starred_external,,osaurus-ai/osaurus,,—,✅,,,UNASSESSED,external_candidate,,github_starred
starred_external,,oso95/scroll-world,,—,✅,,,UNASSESSED,external_candidate,,github_starred
starred_external,,othmanadi/planning-with-files,,—,✅,,,UNASSESSED,external_candidate,,github_starred
starred_external,,ottermind/chat2db,,—,✅,,,UNASSESSED,external_candidate,,github_starred
starred_external,,ovexro/dockpanel,,—,✅,,,UNASSESSED,external_candidate,,github_starred
starred_external,,p-e-w/heretic,,—,✅,,,UNASSESSED,external_candidate,,github_starred
starred_external,,p2r3/beheader,,—,✅,,,UNASSESSED,external_candidate,,github_starred
starred_external,,paaatrick/playball,,—,✅,,,UNASSESSED,external_candidate,,github_starred
starred_external,,paddlepaddle/paddleocr,,—,✅,,,UNASSESSED,external_candidate,,github_starred
starred_external,,palmier-io/palmier-pro,,—,✅,,,UNASSESSED,external_candidate,,github_starred
starred_external,,panniantong/agent-reach,,—,✅,,,UNASSESSED,external_candidate,,github_starred
starred_external,,paperclipai/paperclip,,—,✅,,,UNASSESSED,external_candidate,,github_starred
starred_external,,paperless-ngx/paperless-ngx,,—,✅,,,UNASSESSED,external_candidate,,github_starred
starred_external,,papermark/papermark,,—,✅,,,UNASSESSED,external_candidate,,github_starred
starred_external,,paralleldrive/jiron,,—,✅,,,UNASSESSED,external_candidate,,github_starred
starred_external,,pashpashpash/perplexity-mcp,,—,✅,,,UNASSESSED,external_candidate,,github_starred
starred_external,,patchy631/ai-engineering-hub,,—,✅,,,UNASSESSED,external_candidate,,github_starred
starred_external,,pathwaycom/llm-app,,—,✅,,,UNASSESSED,external_candidate,,github_starred
starred_external,,pathwaycom/pathway,,—,✅,,,UNASSESSED,external_candidate,,github_starred
starred_external,,patrickjs/awesome-cursorrules,,—,✅,,,UNASSESSED,external_candidate,,github_starred
starred_external,,pdfme/pdfme,,—,✅,,,UNASSESSED,external_candidate,,github_starred
starred_external,,pear-devs/pear-desktop,,—,✅,,,UNASSESSED,external_candidate,,github_starred
starred_external,,penpot/penpot,,—,✅,,,UNASSESSED,external_candidate,,github_starred
starred_external,,perone/vectorvfs,,—,✅,,,UNASSESSED,external_candidate,,github_starred
starred_external,,petergyang/no-ai-slop,,—,✅,,,UNASSESSED,external_candidate,,github_starred
starred_external,,philfung/clickable-terminal,,—,✅,,,UNASSESSED,external_candidate,,github_starred
starred_external,,phuryn/pm-skills,,—,✅,,,UNASSESSED,external_candidate,,github_starred
starred_external,,pi-hole/pi-hole,,—,✅,,,UNASSESSED,external_candidate,,github_starred
starred_external,,pimzino/spec-workflow-mcp,,—,✅,,,UNASSESSED,external_candidate,,github_starred
starred_external,,pinchtab/pinchtab,,—,✅,,,UNASSESSED,external_candidate,,github_starred
starred_external,,pirate/wikipedia-mirror,,—,✅,,,UNASSESSED,external_candidate,,github_starred
starred_external,,pixlcore/xyops,,—,✅,,,UNASSESSED,external_candidate,,github_starred
starred_external,,plasma-ai/fractal,,—,✅,,,UNASSESSED,external_candidate,,github_starred
starred_external,,playcanvas/engine,,—,✅,,,UNASSESSED,external_candidate,,github_starred
starred_external,,pluviobyte/rnskill,,—,✅,,,UNASSESSED,external_candidate,,github_starred
starred_external,,pocketbase/pocketbase,,—,✅,,,UNASSESSED,external_candidate,,github_starred
starred_external,,polarsource/polar,,—,✅,,,UNASSESSED,external_candidate,,github_starred
starred_external,,polius/filesync,,—,✅,,,UNASSESSED,external_candidate,,github_starred
starred_external,,practical-tutorials/project-based-learning,,—,✅,,,UNASSESSED,external_candidate,,github_starred
starred_external,,prakhar1989/awesome-courses,,—,✅,,,UNASSESSED,external_candidate,,github_starred
starred_external,,pranshuparmar/witr,,—,✅,,,UNASSESSED,external_candidate,,github_starred
starred_external,,prefecthq/fastmcp,,—,✅,,,UNASSESSED,external_candidate,,github_starred
starred_external,,preset-io/agor,,—,✅,,,UNASSESSED,external_candidate,,github_starred
starred_external,,primeintellect-ai/prime-agent,,—,✅,,,UNASSESSED,external_candidate,,github_starred
starred_external,,prithvi-web/treemap-disk-visualizer,,—,✅,,,UNASSESSED,external_candidate,,github_starred
starred_external,,prometheus/alertmanager,,—,✅,,,UNASSESSED,external_candidate,,github_starred
starred_external,,prometheus/prometheus,,—,✅,,,UNASSESSED,external_candidate,,github_starred
starred_external,,pshenok/server-survival,,—,✅,,,UNASSESSED,external_candidate,,github_starred
starred_external,,public-apis/public-apis,,—,✅,,,UNASSESSED,external_candidate,,github_starred
starred_external,,puckeditor/puck,,—,✅,,,UNASSESSED,external_candidate,,github_starred
starred_external,,punitarani/fli,,—,✅,,,UNASSESSED,external_candidate,,github_starred
starred_external,,punkpeye/awesome-mcp-servers,,—,✅,,,UNASSESSED,external_candidate,,github_starred
starred_external,,python-poetry/poetry,,—,✅,,,UNASSESSED,external_candidate,,github_starred
starred_external,,qdrant/mcp-server-qdrant,,—,✅,,,UNASSESSED,external_candidate,,github_starred
starred_external,,qdrant/qdrant,,—,✅,,,UNASSESSED,external_candidate,,github_starred
starred_external,,qeeqbox/social-analyzer,,—,✅,,,UNASSESSED,external_candidate,,github_starred
starred_external,,qwen-code-dev-bot/oh-my-cli,,—,✅,,,UNASSESSED,external_candidate,,github_starred
starred_external,,qwenlm/qwen-code,,—,✅,,,UNASSESSED,external_candidate,,github_starred
starred_external,,qwenlm/qwen3-coder,,—,✅,,,UNASSESSED,external_candidate,,github_starred
starred_external,,qwenlm/qwen3-tts,,—,✅,,,UNASSESSED,external_candidate,,github_starred
starred_external,,qwenlm/qwen3-vl,,—,✅,,,UNASSESSED,external_candidate,,github_starred
starred_external,,rabbitmq/rabbitmq-server,,—,✅,,,UNASSESSED,external_candidate,,github_starred
starred_external,,rafska/awesome-local-llm,,—,✅,,,UNASSESSED,external_candidate,,github_starred
starred_external,,rakheomar/markdrop,,—,✅,,,UNASSESSED,external_candidate,,github_starred
starred_external,,ranaroussi/yfinance,,—,✅,,,UNASSESSED,external_candidate,,github_starred
starred_external,,rasahq/rasa,,—,✅,,,UNASSESSED,external_candidate,,github_starred
starred_external,,rberg27/doom-coding,,—,✅,,,UNASSESSED,external_candidate,,github_starred
starred_external,,realworld-apps/realworld,,—,✅,,,UNASSESSED,external_candidate,,github_starred
starred_external,,responsively-org/responsively-app,,—,✅,,,UNASSESSED,external_candidate,,github_starred
starred_external,,revfactory/harness,,—,✅,,,UNASSESSED,external_candidate,,github_starred
starred_external,,richardatct/claude-code-telegram,,—,✅,,,UNASSESSED,external_candidate,,github_starred
starred_external,,richards199999/thinking-claude,,—,✅,,,UNASSESSED,external_candidate,,github_starred
starred_external,,ripienaar/free-for-dev,,—,✅,,,UNASSESSED,external_candidate,,github_starred
starred_external,,rixinhahaha/snip,,—,✅,,,UNASSESSED,external_candidate,,github_starred
starred_external,,rohitg00/agentmemory,,—,✅,,,UNASSESSED,external_candidate,,github_starred
starred_external,,rohitg00/ai-engineering-from-scratch,,—,✅,,,UNASSESSED,external_candidate,,github_starred
starred_external,,romeltorres/alpha_vantage,,—,✅,,,UNASSESSED,external_candidate,,github_starred
starred_external,,rowboatlabs/rowboat,,—,✅,,,UNASSESSED,external_candidate,,github_starred
starred_external,,rsalmei/alive-progress,,—,✅,,,UNASSESSED,external_candidate,,github_starred
starred_external,,rssnext/folo,,—,✅,,,UNASSESSED,external_candidate,,github_starred
starred_external,,run-llama/llama_index,,—,✅,,,UNASSESSED,external_candidate,,github_starred
starred_external,,ruvnet/ruflo,,—,✅,,,UNASSESSED,external_candidate,,github_starred
starred_external,,ruvnet/ruview,,—,✅,,,UNASSESSED,external_candidate,,github_starred
starred_external,,rvc-boss/gpt-sovits,,—,✅,,,UNASSESSED,external_candidate,,github_starred
starred_external,,ryancodrai/turbovec,,—,✅,,,UNASSESSED,external_candidate,,github_starred
starred_external,,sahat/hackathon-starter,,—,✅,,,UNASSESSED,external_candidate,,github_starred
starred_external,,sanbuphy/learn-coding-agent,,—,✅,,,UNASSESSED,external_candidate,,github_starred
starred_external,,sansan0/trendradar,,—,✅,,,UNASSESSED,external_candidate,,github_starred
starred_external,,santifer/career-ops,,—,✅,,,UNASSESSED,external_candidate,,github_starred
starred_external,,sc1341/instagramosint,,—,✅,,,UNASSESSED,external_candidate,,github_starred
starred_external,,schollz/croc,,—,✅,,,UNASSESSED,external_candidate,,github_starred
starred_external,,scosman/cmsaasstarter,,—,✅,,,UNASSESSED,external_candidate,,github_starred
starred_external,,scrapegraphai/scrapegraph-ai,,—,✅,,,UNASSESSED,external_candidate,,github_starred
starred_external,,seaweedfs/seaweedfs,,—,✅,,,UNASSESSED,external_candidate,,github_starred
starred_external,,semantica-agi/semantica,,—,✅,,,UNASSESSED,external_candidate,,github_starred
starred_external,,sentient-agi/roma,,—,✅,,,UNASSESSED,external_candidate,,github_starred
starred_external,,serhii-londar/open-source-mac-os-apps,,—,✅,,,UNASSESSED,external_candidate,,github_starred
starred_external,,shanraisshan/claude-code-best-practice,,—,✅,,,UNASSESSED,external_candidate,,github_starred
starred_external,,shareai-lab/learn-claude-code,,—,✅,,,UNASSESSED,external_candidate,,github_starred
starred_external,,sharkdp/pastel,,—,✅,,,UNASSESSED,external_candidate,,github_starred
starred_external,,sherlock-project/sherlock,,—,✅,,,UNASSESSED,external_candidate,,github_starred
starred_external,,shiyu-coder/kronos,,—,✅,,,UNASSESSED,external_candidate,,github_starred
starred_external,,shubhamsaboo/awesome-llm-apps,,—,✅,,,UNASSESSED,external_candidate,,github_starred
starred_external,,sickn33/agentic-awesome-skills,,—,✅,,,UNASSESSED,external_candidate,,github_starred
starred_external,,siddharthvaddem/openscreen,,—,✅,,,UNASSESSED,external_candidate,,github_starred
starred_external,,simeg/eureka,,—,✅,,,UNASSESSED,external_candidate,,github_starred
starred_external,,simonw/llm,,—,✅,,,UNASSESSED,external_candidate,,github_starred
starred_external,,simplifaisoul/osiris,,—,✅,,,UNASSESSED,external_candidate,,github_starred
starred_external,,simstudioai/sim,,—,✅,,,UNASSESSED,external_candidate,,github_starred
starred_external,,simular-ai/agent-s,,—,✅,,,UNASSESSED,external_candidate,,github_starred
starred_external,,sinaptik-ai/pandas-ai,,—,✅,,,UNASSESSED,external_candidate,,github_starred
starred_external,,sindresorhus/awesome,,—,✅,,,UNASSESSED,external_candidate,,github_starred
starred_external,,sinelaw/fresh,,—,✅,,,UNASSESSED,external_candidate,,github_starred
starred_external,,skyvern-ai/skyvern,,—,✅,,,UNASSESSED,external_candidate,,github_starred
starred_external,,skyworkai/deepresearchagent,,—,✅,,,UNASSESSED,external_candidate,,github_starred
starred_external,,slidevjs/slidev,,—,✅,,,UNASSESSED,external_candidate,,github_starred
starred_external,,smtg-ai/claude-squad,,—,✅,,,UNASSESSED,external_candidate,,github_starred
starred_external,,snarktank/ai-dev-tasks,,—,✅,,,UNASSESSED,external_candidate,,github_starred
starred_external,,sonarsource/sonarqube-mcp-server,,—,✅,,,UNASSESSED,external_candidate,,github_starred
starred_external,,sonpiaz/watch-cli,,—,✅,,,UNASSESSED,external_candidate,,github_starred
starred_external,,sooryathejas/metatron,,—,✅,,,UNASSESSED,external_candidate,,github_starred
starred_external,,soxoj/maigret,,—,✅,,,UNASSESSED,external_candidate,,github_starred
starred_external,,spipm/depixelization_poc,,—,✅,,,UNASSESSED,external_candidate,,github_starred
starred_external,,stablyai/orca,,—,✅,,,UNASSESSED,external_candidate,,github_starred
starred_external,,stanfordnlp/dspy,,—,✅,,,UNASSESSED,external_candidate,,github_starred
starred_external,,starship/starship,,—,✅,,,UNASSESSED,external_candidate,,github_starred
starred_external,,startrail-org/leann,,—,✅,,,UNASSESSED,external_candidate,,github_starred
starred_external,,stirling-tools/stirling-pdf,,—,✅,,,UNASSESSED,external_candidate,,github_starred
starred_external,,storybookjs/storybook,,—,✅,,,UNASSESSED,external_candidate,,github_starred
starred_external,,streamlit/streamlit,,—,✅,,,UNASSESSED,external_candidate,,github_starred
starred_external,,stremio/stremio-web,,—,✅,,,UNASSESSED,external_candidate,,github_starred
starred_external,,stylishthemes/wikipedia-dark,,—,✅,,,UNASSESSED,external_candidate,,github_starred
starred_external,,suitenumerique/docs,,—,✅,,,UNASSESSED,external_candidate,,github_starred
starred_external,,superclaude-org/superclaude_framework,,—,✅,,,UNASSESSED,external_candidate,,github_starred
starred_external,,superdesigndev/superdesign,,—,✅,,,UNASSESSED,external_candidate,,github_starred
starred_external,,supermemoryai/supermemory,,—,✅,,,UNASSESSED,external_candidate,,github_starred
starred_external,,supernalintelligence/awesome-gui-agents,,—,✅,,,UNASSESSED,external_candidate,,github_starred
starred_external,,syncthing/syncthing,,—,✅,,,UNASSESSED,external_candidate,,github_starred
starred_external,,szabgab/awesome-for-non-programmers,,—,✅,,,UNASSESSED,external_candidate,,github_starred
starred_external,,szr2001/worklifebalance,,—,✅,,,UNASSESSED,external_candidate,,github_starred
starred_external,,tadata-org/fastapi_mcp,,—,✅,,,UNASSESSED,external_candidate,,github_starred
starred_external,,tailwindlabs/tailwindcss,,—,✅,,,UNASSESSED,external_candidate,,github_starred
starred_external,,taracodlabs/aiden,,—,✅,,,UNASSESSED,external_candidate,,github_starred
starred_external,,tashfeenahmed/freellmapi,,—,✅,,,UNASSESSED,external_candidate,,github_starred
starred_external,,tauri-apps/tauri,,—,✅,,,UNASSESSED,external_candidate,,github_starred
starred_external,,tauricresearch/tradingagents,,—,✅,,,UNASSESSED,external_candidate,,github_starred
starred_external,,telegraf/telegraf,,—,✅,,,UNASSESSED,external_candidate,,github_starred
starred_external,,telegrammessenger/telegram-ios,,—,✅,,,UNASSESSED,external_candidate,,github_starred
starred_external,,temporalio/temporal,,—,✅,,,UNASSESSED,external_candidate,,github_starred
starred_external,,tencent/weknora,,—,✅,,,UNASSESSED,external_candidate,,github_starred
starred_external,,tencentcloud/tencentdb-agent-memory,,—,✅,,,UNASSESSED,external_candidate,,github_starred
starred_external,,the-swarm-corporation/autohedge,,—,✅,,,UNASSESSED,external_candidate,,github_starred
starred_external,,the-vibe-company/companion,,—,✅,,,UNASSESSED,external_candidate,,github_starred
starred_external,,thealgorithms/python,,—,✅,,,UNASSESSED,external_candidate,,github_starred
starred_external,,thedotmack/claude-mem,,—,✅,,,UNASSESSED,external_candidate,,github_starred
starred_external,,theopfr/somo,,—,✅,,,UNASSESSED,external_candidate,,github_starred
starred_external,,theseal/ssh-askpass,,—,✅,,,UNASSESSED,external_candidate,,github_starred
starred_external,,thetom/turboquant_plus,,—,✅,,,UNASSESSED,external_candidate,,github_starred
starred_external,,thinkinaixyz/deepchat,,—,✅,,,UNASSESSED,external_candidate,,github_starred
starred_external,,thoughtfulllc/gridland,,—,✅,,,UNASSESSED,external_candidate,,github_starred
starred_external,,thunderbird/thunderbolt,,—,✅,,,UNASSESSED,external_candidate,,github_starred
starred_external,,tiimgreen/github-cheat-sheet,,—,✅,,,UNASSESSED,external_candidate,,github_starred
starred_external,,tile-ai/tilelang,,—,✅,,,UNASSESSED,external_candidate,,github_starred
starred_external,,tinyfish-io/tinyfish-cookbook,,—,✅,,,UNASSESSED,external_candidate,,github_starred
starred_external,,tinyhumansai/openhuman,,—,✅,,,UNASSESSED,external_candidate,,github_starred
starred_external,,tirrenotechnologies/tirreno,,—,✅,,,UNASSESSED,external_candidate,,github_starred
starred_external,,tirth8205/code-review-graph,,—,✅,,,UNASSESSED,external_candidate,,github_starred
starred_external,,tmux/tmux,,—,✅,,,UNASSESSED,external_candidate,,github_starred
starred_external,,toeverything/affine,,—,✅,,,UNASSESSED,external_candidate,,github_starred
starred_external,,tooljet/tooljet,,—,✅,,,UNASSESSED,external_candidate,,github_starred
starred_external,,toolsdk-ai/toolsdk-mcp-registry,,—,✅,,,UNASSESSED,external_candidate,,github_starred
starred_external,,topoteretes/cognee,,—,✅,,,UNASSESSED,external_candidate,,github_starred
starred_external,,tracer-cloud/opensre,,—,✅,,,UNASSESSED,external_candidate,,github_starred
starred_external,,traefik/traefik,,—,✅,,,UNASSESSED,external_candidate,,github_starred
starred_external,,triggerdotdev/trigger.dev,,—,✅,,,UNASSESSED,external_candidate,,github_starred
starred_external,,triliumnext/trilium,,—,✅,,,UNASSESSED,external_candidate,,github_starred
starred_external,,trimstray/the-book-of-secret-knowledge,,—,✅,,,UNASSESSED,external_candidate,,github_starred
starred_external,,trycompai/crm,,—,✅,,,UNASSESSED,external_candidate,,github_starred
starred_external,,trycua/cua,,—,✅,,,UNASSESSED,external_candidate,,github_starred
starred_external,,tryghost/ghost,,—,✅,,,UNASSESSED,external_candidate,,github_starred
starred_external,,twelvedata/twelvedata-python,,—,✅,,,UNASSESSED,external_candidate,,github_starred
starred_external,,twentyhq/twenty,,—,✅,,,UNASSESSED,external_candidate,,github_starred
starred_external,,twitter/the-algorithm-ml,,—,✅,,,UNASSESSED,external_candidate,,github_starred
starred_external,,typesense/typesense,,—,✅,,,UNASSESSED,external_candidate,,github_starred
starred_external,,ubicloud/ubicloud,,—,✅,,,UNASSESSED,external_candidate,,github_starred
starred_external,,unclecode/crawl4ai,,—,✅,,,UNASSESSED,external_candidate,,github_starred
starred_external,,unslothai/hyperlearn,,—,✅,,,UNASSESSED,external_candidate,,github_starred
starred_external,,unslothai/unsloth,,—,✅,,,UNASSESSED,external_candidate,,github_starred
starred_external,,untrivial-ai/agent-orchestrator,,—,✅,,,UNASSESSED,external_candidate,,github_starred
starred_external,,usekaneo/kaneo,,—,✅,,,UNASSESSED,external_candidate,,github_starred
starred_external,,usememos/memos,,—,✅,,,UNASSESSED,external_candidate,,github_starred
starred_external,,usestrix/strix,,—,✅,,,UNASSESSED,external_candidate,,github_starred
starred_external,,vaibhavs10/insanely-fast-whisper,,—,✅,,,UNASSESSED,external_candidate,,github_starred
starred_external,,valuecell-ai/valuecell,,—,✅,,,UNASSESSED,external_candidate,,github_starred
starred_external,,vectifyai/pageindex,,—,✅,,,UNASSESSED,external_candidate,,github_starred
starred_external,,vercel-labs/agent-browser,,—,✅,,,UNASSESSED,external_candidate,,github_starred
starred_external,,vercel-labs/skills,,—,✅,,,UNASSESSED,external_candidate,,github_starred
starred_external,,vercel/platforms,,—,✅,,,UNASSESSED,external_candidate,,github_starred
starred_external,,verl-project/verl,,—,✅,,,UNASSESSED,external_candidate,,github_starred
starred_external,,vert-sh/vert,,—,✅,,,UNASSESSED,external_candidate,,github_starred
starred_external,,vijaythecoder/awesome-claude-agents,,—,✅,,,UNASSESSED,external_candidate,,github_starred
starred_external,,vincentwei1021/video-shotcraft,,—,✅,,,UNASSESSED,external_candidate,,github_starred
starred_external,,vinzent03/obsidian-git,,—,✅,,,UNASSESSED,external_candidate,,github_starred
starred_external,,virattt/ai-hedge-fund,,—,✅,,,UNASSESSED,external_candidate,,github_starred
starred_external,,virattt/dexter,,—,✅,,,UNASSESSED,external_candidate,,github_starred
starred_external,,virgiliojr94/book-to-skill,,—,✅,,,UNASSESSED,external_candidate,,github_starred
starred_external,,vitali87/code-graph-rag,,—,✅,,,UNASSESSED,external_candidate,,github_starred
starred_external,,vitejs/vite,,—,✅,,,UNASSESSED,external_candidate,,github_starred
starred_external,,vllm-project/vllm,,—,✅,,,UNASSESSED,external_candidate,,github_starred
starred_external,,volcengine/minecontext,,—,✅,,,UNASSESSED,external_candidate,,github_starred
starred_external,,volcengine/openviking,,—,✅,,,UNASSESSED,external_candidate,,github_starred
starred_external,,voltagent/awesome-agent-skills,,—,✅,,,UNASSESSED,external_candidate,,github_starred
starred_external,,voltagent/voltagent,,—,✅,,,UNASSESSED,external_candidate,,github_starred
starred_external,,vrsen/openswarm,,—,✅,,,UNASSESSED,external_candidate,,github_starred
starred_external,,waiterxiaoyy/deep-dive-claude-code,,—,✅,,,UNASSESSED,external_candidate,,github_starred
starred_external,,wan-video/wan2.2,,—,✅,,,UNASSESSED,external_candidate,,github_starred
starred_external,,waooai/waoowaoo,,—,✅,,,UNASSESSED,external_candidate,,github_starred
starred_external,,warpdotdev/warp,,—,✅,,,UNASSESSED,external_candidate,,github_starred
starred_external,,wasabeef/claude-code-cookbook,,—,✅,,,UNASSESSED,external_candidate,,github_starred
starred_external,,wassimyounes01/event-driven-autonomous-loop,,—,✅,,,UNASSESSED,external_candidate,,github_starred
starred_external,,wassimyounes01/qwen38-uncensored,,—,✅,,,UNASSESSED,external_candidate,,github_starred
starred_external,,watzon/pindrop,,—,✅,,,UNASSESSED,external_candidate,,github_starred
starred_external,,wavetermdev/waveterm,,—,✅,,,UNASSESSED,external_candidate,,github_starred
starred_external,,wesammustafa/claude-code-everything-you-need-to-know,,—,✅,,,UNASSESSED,external_candidate,,github_starred
starred_external,,wikiextractor/wikiextractor,,—,✅,,,UNASSESSED,external_candidate,,github_starred
starred_external,,wikimedia/mediawiki,,—,✅,,,UNASSESSED,external_candidate,,github_starred
starred_external,,willkoehrsen/wikipedia-data-science,,—,✅,,,UNASSESSED,external_candidate,,github_starred
starred_external,,wilsonfreitas/awesome-quant,,—,✅,,,UNASSESSED,external_candidate,,github_starred
starred_external,,winfunc/opcode,,—,✅,,,UNASSESSED,external_candidate,,github_starred
starred_external,,wolfpld/tracy,,—,✅,,,UNASSESSED,external_candidate,,github_starred
starred_external,,wshobson/agents,,—,✅,,,UNASSESSED,external_candidate,,github_starred
starred_external,,x1xhlol/system-prompts-and-models-of-ai-tools,,—,✅,,,UNASSESSED,external_candidate,,github_starred
starred_external,,x402-foundation/x402,,—,✅,,,UNASSESSED,external_candidate,,github_starred
starred_external,,xtekky/gpt4free,,—,✅,,,UNASSESSED,external_candidate,,github_starred
starred_external,,yagop/node-telegram-bot-api,,—,✅,,,UNASSESSED,external_candidate,,github_starred
starred_external,,yangshun/tech-interview-handbook,,—,✅,,,UNASSESSED,external_candidate,,github_starred
starred_external,,yaoapp/yao,,—,✅,,,UNASSESSED,external_candidate,,github_starred
starred_external,,yasinsuzon/homelab,,—,✅,,,UNASSESSED,external_candidate,,github_starred
starred_external,,yeachan-heo/oh-my-claudecode,,—,✅,,,UNASSESSED,external_candidate,,github_starred
starred_external,,yeachan-heo/oh-my-codex,,—,✅,,,UNASSESSED,external_candidate,,github_starred
starred_external,,yikart/aitoearn,,—,✅,,,UNASSESSED,external_candidate,,github_starred
starred_external,,yishentu/claudian,,—,✅,,,UNASSESSED,external_candidate,,github_starred
starred_external,,ykdojo/claude-code-tips,,—,✅,,,UNASSESSED,external_candidate,,github_starred
starred_external,,yoanbernabeu/grepai,,—,✅,,,UNASSESSED,external_candidate,,github_starred
starred_external,,yosaiy/renotch,,—,✅,,,UNASSESSED,external_candidate,,github_starred
starred_external,,youmind-openlab/awesome-nano-banana-pro-prompts,,—,✅,,,UNASSESSED,external_candidate,,github_starred
starred_external,,ysharma3501/luxtts,,—,✅,,,UNASSESSED,external_candidate,,github_starred
starred_external,,z-lab/dflash,,—,✅,,,UNASSESSED,external_candidate,,github_starred
starred_external,,z4nzu/hackingtool,,—,✅,,,UNASSESSED,external_candidate,,github_starred
starred_external,,zackriya-solutions/meetily,,—,✅,,,UNASSESSED,external_candidate,,github_starred
starred_external,,zed-industries/zed,,—,✅,,,UNASSESSED,external_candidate,,github_starred
starred_external,,zerobootdev/zeroboot,,—,✅,,,UNASSESSED,external_candidate,,github_starred
starred_external,,zerotier/zerotierone,,—,✅,,,UNASSESSED,external_candidate,,github_starred
starred_external,,zhaoxuya520/reverse-skill,,—,✅,,,UNASSESSED,external_candidate,,github_starred
starred_external,,zhulinsen/daily_stock_analysis,,—,✅,,,UNASSESSED,external_candidate,,github_starred
starred_external,,zie619/n8n-workflows,,—,✅,,,UNASSESSED,external_candidate,,github_starred
starred_external,,zilliztech/deep-searcher,,—,✅,,,UNASSESSED,external_candidate,,github_starred
starred_external,,zquestz/s,,—,✅,,,UNASSESSED,external_candidate,,github_starred
